Title,URL,Processed,Error,Whisper Transcription Time (MM:SS),Total Processing Time (MM:SS),Device
Jerma Streams - Black & White,https://www.youtube.com/watch?v=kH5dZxGXyxo,True,,0:09:12,0:09:37,3090
Jerma Streams - Trepang2 (Part 2 Finale),https://www.youtube.com/watch?v=mLsh4ZABsAw,True,,0:03:02,0:03:14,3090
Jerma Streams - No More Heroes III (Part 2),https://www.youtube.com/watch?v=CenhhSAeCp4,True,,0:06:40,0:06:42,3090
Title,URL,Processed,Error,Processing Time (MM:SS)
"Jerma Streams - House Flipper Invitational [with DougDoug, Vinesauce, Vargskelethor, and More]",https://www.youtube.com/watch?v=6uCG0r3W7Jc,True,,0:09:06
Jerma Streams - Trepang2,https://www.youtube.com/watch?v=ejivGcXO_uA,True,,0:04:16
Jerma Streams - HELLCARD [with Ster],https://www.youtube.com/watch?v=ExNu5fqVeYg,True,,0:03:09
Jerma Streams - Bread & Fred [with Ster],https://www.youtube.com/watch?v=G5vORJNzBps,True,,0:04:03
"Jerma Streams - Sorcery! (Part 8, 2nd Playthrough)",https://www.youtube.com/watch?v=uMX3oULXkQ0,True,,0:06:13
Jerma Streams - DAVE THE DIVER,https://www.youtube.com/watch?v=B6RBE4ZUloM,True,,0:02:42
Jerma Streams - DAVE THE DIVER,https://www.youtube.com/watch?v=jazgJ9D4hK8,False,"[0;31mERROR:[0m 
[download] Got error: <urlopen error [Errno 101] Network is unreachable>",0:00:26
"Jerma Streams - Sorcery! (Part 6, 2nd Playthrough)",https://www.youtube.com/watch?v=nJSJyh0aLH8,True,,0:03:37
Jerma Streams - Steam Next Fest Demos (Part 3),https://www.youtube.com/watch?v=YyIJkVrwojw,True,,0:03:29
Jerma Streams - Final Fantasy XVI (Part 2),https://www.youtube.com/watch?v=5AAwxppqS8A,True,,0:05:13
Jerma Streams - Final Fantasy XVI (Part 2),https://www.youtube.com/watch?v=VN-q_cc1F6k,False,"[0;31mERROR:[0m 
[download] Got error: <urlopen error [Errno 101] Network is unreachable>",0:00:38
Jerma Streams - Logical Journey of the Zoombinis (Part 2),https://www.youtube.com/watch?v=agUkvRthtvw,True,,0:04:46
Jerma Streams - We Love Katamari Reroll + Royal Reverie (Part 2 Finale),https://www.youtube.com/watch?v=d7ndUoMzcBU,True,,0:03:11
Jerma Streams - Final Fantasy XVI Demo (Part 1),https://www.youtube.com/watch?v=KLBDDb2oV0k,True,,0:03:44
Jerma Streams - Final Fantasy XVI Demo (Part 1),https://www.youtube.com/watch?v=dLLJZ0Y_xUI,False,"[0;31mERROR:[0m 
[download] Got error: <urlopen error [Errno 101] Network is unreachable>",0:00:32
Jerma Streams - Q Remastered,https://www.youtube.com/watch?v=a448BGNp9rc,True,,0:04:48
Jerma Streams - Q Remastered,https://www.youtube.com/watch?v=uBJPKukrBSo,False,"[0;31mERROR:[0m 
[download] Got error: <urlopen error [Errno 101] Network is unreachable>",0:00:40
Jerma Streams - The Lord of the Rings: Gollum,https://www.youtube.com/watch?v=oSw_A1GrEVo,True,,0:02:03
Jerma Streams - Disc Room,https://www.youtube.com/watch?v=mI-ipotFvjs,True,,0:04:08
Jerma Streams - Devil May Cry 3: Dante's Awakening (Part 2 Finale),https://www.youtube.com/watch?v=29e14sHkih8,True,,0:06:22
Jerma Streams - Devil May Cry 3: Dante's Awakening,https://www.youtube.com/watch?v=67WwTM96_yw,True,,0:04:42
Jerma Streams - Devil May Cry 3: Dante's Awakening,https://www.youtube.com/watch?v=xdeOdShAHFg,False,"[0;31mERROR:[0m 
[download] Got error: <urlopen error [Errno 101] Network is unreachable>",0:00:41
Jerma Streams - Shadows of Doubt,https://www.youtube.com/watch?v=Fj3avvaDEtE,True,,0:05:28
Jerma Streams - Shadows of Doubt,https://www.youtube.com/watch?v=-C7QQyb4i0s,False,"[0;31mERROR:[0m 
[download] Got error: <urlopen error [Errno 101] Network is unreachable>",0:00:31
Jerma Streams - House Flipper (Part 11),https://www.youtube.com/watch?v=QMwtBO4YOuY,True,,0:05:00
Jerma Streams - Watching More 80's and 90's Commercials,https://www.youtube.com/watch?v=vc0Lk00zoA0,True,,0:05:08
ERROR,https://www.youtube.com/watch?v=hfHf5uanvkg,False,"ERROR: 
[download] Got error: <urlopen error [Errno 101] Network is unreachable>",0:00:29
Jerma Streams - Chop Goblins,https://www.youtube.com/watch?v=l6HMliRCd2o,True,,0:01:45
ERROR,https://www.youtube.com/watch?v=osVUHx2wuXs,False,"ERROR: 
[download] Got error: <urlopen error [Errno 101] Network is unreachable>",0:00:29
Jerma Streams - The Binding of Isaac: Repentance (Part 3),https://www.youtube.com/watch?v=QVc8-MdLnZ8,True,,0:00:55
Jerma Streams - Roblox [With Ster and Pokelawls],https://www.youtube.com/watch?v=mNmSVfqUMtQ,True,,0:03:39
Jerma Streams - The Legend of Zelda: Breath of the Wild (Part 9),https://www.youtube.com/watch?v=Jmbz8T_6dvQ,True,,0:02:07
Jerma Streams - The Legend of Zelda: Breath of the Wild (Part 8),https://www.youtube.com/watch?v=tzrDjFs0zL4,True,,0:05:04
Jerma Streams - Resident Evil 4 Remake (Part 4 Finale),https://www.youtube.com/watch?v=Uxo2RCqTbhw,True,,0:06:52
Jerma Streams - Resident Evil 4 Remake (Part 3),https://www.youtube.com/watch?v=SY4CjE4nln4,True,,0:04:57
ERROR,https://www.youtube.com/watch?v=u68J2T7sthw,False,"ERROR: 
[download] Got error: <urlopen error [Errno 101] Network is unreachable>",0:00:49
Jerma Streams - Resident Evil 4 Remake,https://www.youtube.com/watch?v=VOXGbh3gxj8,True,,0:04:49
Jerma Streams - Nancy Drew: The White Wolf of Icicle Creek (Part 2 Finale),https://www.youtube.com/watch?v=4O8p5yWZcNE,True,,0:07:27
Jerma Streams - Diablo IV and Nancy Drew: The White Wolf of Icicle Creek (Part 1),https://www.youtube.com/watch?v=gOr9xv9cL88,True,,0:06:55
ERROR,https://www.youtube.com/watch?v=wODQR5JIElU,False,"ERROR: 
[download] Got error: <urlopen error [Errno 101] Network is unreachable>",0:00:54
Jerma Streams - Hylics,https://www.youtube.com/watch?v=mCl3zATX18c,True,,0:04:14
Jerma Streams - Frog Detective 3 and Grotto Beasts Announcement,https://www.youtube.com/watch?v=v_ljtXIVg74,True,,0:05:35
Jerma Streams - Pizza Tower (Part 2 Finale),https://www.youtube.com/watch?v=niKCmKEL0uU,True,,0:02:57
Jerma Streams - Pizza Tower,https://www.youtube.com/watch?v=FyVG9jwQaAA,True,,0:02:39
Jerma Streams - Worldbox,https://www.youtube.com/watch?v=7dnG-G534TA,True,,0:01:29
Jerma Streams - The Binding of Isaac: Repentance (Part 2),https://www.youtube.com/watch?v=Nnbh2QV73Ps,True,,0:06:03
Jerma Streams - The Last Hero of Nostalgaia (Part 3 Finale),https://www.youtube.com/watch?v=jSMfoAfVz5w,True,,0:06:02
Jerma Streams - Wild Hearts [With Vinny Vinesauce],https://www.youtube.com/watch?v=NHpcwiYR9SA,True,,0:05:18
Jerma Streams - The Last Hero of Nostalgaia (Part 2),https://www.youtube.com/watch?v=MrEGuhbMToA,True,,0:02:44
Jerma Streams - The Last Hero of Nostalgaia,https://www.youtube.com/watch?v=9h2aJ1ttxN8,True,,0:05:25
Jerma Streams - Elden Ring (Part 21) [Randomizer With Ster],https://www.youtube.com/watch?v=31sFaP3fceo,True,,0:07:30
"Jerma Streams - Dark and Darker (Part 3) [With Etalyx, Pokelawls, Criken, Will Neff, Nesua]",https://www.youtube.com/watch?v=wkVwwZoOyTw,True,,0:11:07
"Jerma Streams - Dark and Darker (Part 2) [With Ster, Vinny, and JustJoels]",https://www.youtube.com/watch?v=vwUGCwuWTPU,True,,0:12:19
Jerma Streams - Dark and Darker,https://www.youtube.com/watch?v=vi2LGBzPVsE,True,,0:06:12
ERROR,https://www.youtube.com/watch?v=ZsvpTzqEaHQ,False,"ERROR: 
[download] Got error: <urlopen error [Errno -3] Temporary failure in name resolution>",0:00:12
Jerma Streams - The Eternal Cylinder (Part 2),https://www.youtube.com/watch?v=I-1fdBQ_zk8,True,,0:04:49
Jerma Streams - The Eternal Cylinder,https://www.youtube.com/watch?v=W1ah79alFco,True,,0:04:35
Jerma Streams - Elden Ring (Part 20) [Randomizer With Ster],https://www.youtube.com/watch?v=UXJRooj5AcY,True,,0:08:40
Jerma Streams - Elden Ring (Part 19) [Randomizer With Ster],https://www.youtube.com/watch?v=UHEqKzPYNKo,True,,0:10:11
Jerma Streams - Plants vs. Zombies,https://www.youtube.com/watch?v=qkB66c4UKbo,True,,0:05:43
Jerma Streams - Elden Ring (Part 18) [Randomizer With Ster],https://www.youtube.com/watch?v=GqU4Ygo0ZnU,True,,0:09:22
Jerma Streams - Elden Ring (Part 17) [Randomizer With Ster],https://www.youtube.com/watch?v=DDUeScVKrrg,True,,0:10:04
Jerma Streams - Xbox Games (Part 3),https://www.youtube.com/watch?v=VXVS0yBYZ5M,True,,0:05:09
ERROR,https://www.youtube.com/watch?v=M3V1CdPBx-A,False,"ERROR: 
[download] Got error: <urlopen error [Errno 101] Network is unreachable>",0:00:35
Jerma Streams - Xbox Games (Part 2),https://www.youtube.com/watch?v=XMuR8PY4uQg,True,,0:05:40
Jerma Streams - PlateUp! [With Ster],https://www.youtube.com/watch?v=R288AtyTlNw,True,,0:07:05
Jerma Streams - Embr [With Ster],https://www.youtube.com/watch?v=717JudB2-h4,True,,0:03:18
Jerma Streams - Super Psycho Baseball,https://www.youtube.com/watch?v=m1oduKl9EOI,True,,0:01:00
ERROR,https://www.youtube.com/watch?v=Rc0UXt53eRE,False,"ERROR: 
[download] Got error: <urlopen error [Errno 101] Network is unreachable>",0:00:34
ERROR,https://www.youtube.com/watch?v=MvmF2tLFv4w,False,"ERROR: 
[download] Got error: <urlopen error [Errno 101] Network is unreachable>",0:00:33
Jerma Streams - Wrestling Empire (Part 4),https://www.youtube.com/watch?v=oQU-3JhgdfQ,True,,0:05:08
ERROR,https://www.youtube.com/watch?v=1OL5aZjNCpc,False,"ERROR: 
[download] Got error: <urlopen error [Errno 101] Network is unreachable>",0:00:27
Jerma Streams - Christmas Special/Stream Awards 2022 (Jerma985 Channel Version),https://www.youtube.com/watch?v=Q-ZfWeWqNdg,True,,0:07:05
ERROR,https://www.youtube.com/watch?v=OXT5NNRKNQM,False,"ERROR: 
[download] Got error: <urlopen error [Errno 101] Network is unreachable>",0:00:42
Jerma Streams - A No Comb Comb Stream,https://www.youtube.com/watch?v=-YJ4_7Rljd0,True,,0:02:13
Jerma Streams -  The Game Awards 2022,https://www.youtube.com/watch?v=WL4zoSQveio,True,,0:03:29
"Jerma Streams - Warhammer 40,000: Darktide (Part 2) [With Ster, Vinny, Criken, and VRJosh ]",https://www.youtube.com/watch?v=Yf2Vy0iJ_bc,True,,0:06:52
Jerma Streams - Wildermyth [With Ster and Strippin],https://www.youtube.com/watch?v=jzWZSuyVuxU,True,,0:08:32
"Jerma Streams - Warhammer 40,000: Darktide [With Vinny, Criken, Charborg, VRJosh, and Strippin]",https://www.youtube.com/watch?v=vFFdWXo4z04,True,,0:07:15
Jerma Streams - Hatsune Miku Logic Paint S,https://www.youtube.com/watch?v=fbIy9o1xuXs,True,,0:04:42
Jerma Streams - The Sims 4 (Part 6),https://www.youtube.com/watch?v=kt5g_H8M-9I,True,,0:04:34
Jerma Streams - MultiVersus (Part 6),https://www.youtube.com/watch?v=YR7gZDJjn-0,True,,0:02:14
Jerma Streams - The Legend of Zelda: Breath of the Wild (Part 7),https://www.youtube.com/watch?v=RAWrkFMVQpE,True,,0:02:58
ERROR,https://www.youtube.com/watch?v=o5SoSXWbnWc,False,"ERROR: 
[download] Got error: <urlopen error [Errno 101] Network is unreachable>",0:00:32
ERROR,https://www.youtube.com/watch?v=XukEJgS7h8U,False,"ERROR: 
[download] Got error: <urlopen error [Errno -3] Temporary failure in name resolution>",0:00:32
ERROR,https://www.youtube.com/watch?v=Dkosk-1ZAno,False,"ERROR: 
[download] Got error: <urlopen error [Errno 101] Network is unreachable>",0:00:42
Jerma Streams - Splatoon 3 (Part 2) [with Vinny (Vinesauce)],https://www.youtube.com/watch?v=fRyt4yyPFLI,True,,0:03:38
Jerma Streams - The Legend of Zelda: Breath of the Wild (Part 6),https://www.youtube.com/watch?v=bQ2pdBH3E2k,True,,0:02:42
Jerma Streams - Pupperazzi,https://www.youtube.com/watch?v=zKKMdyFTP5A,True,,0:03:20
Jerma Streams - Dread X Collection (Part 3),https://www.youtube.com/watch?v=npsE4WH-itE,True,,0:01:11
Jerma Streams - Stay Out of the House,https://www.youtube.com/watch?v=fsnyLSO8LJw,True,,0:01:20
"Jerma Streams - Phasmophobia (Part 2) [with Vinny (Vinesauce), Ross (RubberRoss) and Liam Triforce]",https://www.youtube.com/watch?v=P4AQZ4sqs6w,True,,0:04:04
Jerma Streams - At Dead Of Night,https://www.youtube.com/watch?v=KW9h8XBD3Bc,True,,0:01:52
Jerma Streams - Resident Evil Village (Part 3),https://www.youtube.com/watch?v=jTJoRLfLEsA,True,,0:05:17
Jerma Streams - Gotham Knights (Part 3) [With HasanAbi],https://www.youtube.com/watch?v=i3LKvXIqS7U,True,,0:03:27
Jerma Streams - The Legend of Zelda: Breath of the Wild (Part 5),https://www.youtube.com/watch?v=bdi_G7Xj1g4,True,,0:02:11
Jerma Streams - Gotham Knights (Part 2),https://www.youtube.com/watch?v=i95uoTgrWoU,True,,0:02:32
Jerma Streams - Deadly Night,https://www.youtube.com/watch?v=MP6GOqlg4XI,True,,0:01:38
Jerma Streams - Vampire Survivors (Part 4),https://www.youtube.com/watch?v=6ajZ1_V7MvI,True,,0:02:22
Jerma Streams - Gotham Knights,https://www.youtube.com/watch?v=RT5c-POi8Go,True,,0:02:54
Jerma Streams - Crash Bandicoot 4: It's About Time,https://www.youtube.com/watch?v=Vm0xCaYfeTU,True,,0:02:12
ERROR,https://www.youtube.com/watch?v=delIp4i3lmw,False,"ERROR: 
[download] Got error: <urlopen error [Errno 101] Network is unreachable>",0:00:44
Jerma Streams - The Legend of Zelda: Breath of the Wild (Part 4),https://www.youtube.com/watch?v=X5YsZp_nCT8,True,,0:05:42
Jerma Streams - Splatoon 3,https://www.youtube.com/watch?v=1awqkRjMZxI,True,,0:04:25
Jerma Streams - Trombone Champ,https://www.youtube.com/watch?v=uiLm1Pi6PUs,True,,0:01:42
Jerma Streams - The Legend of Zelda: Breath of the Wild (Part 3),https://www.youtube.com/watch?v=PToRzvl2PVA,True,,0:02:46
Jerma Streams - Slime Rancher 2,https://www.youtube.com/watch?v=4v4HNPEIhvc,True,,0:05:25
Jerma Streams - The Legend of Zelda: Breath of the Wild (Part 2),https://www.youtube.com/watch?v=4sRW4SknI9o,True,,0:05:22
Jerma Streams - The Legend of Zelda: Breath of the Wild,https://www.youtube.com/watch?v=kfAyqeIQS3E,True,,0:05:49
Jerma Streams - ULTRAKILL (Part 2),https://www.youtube.com/watch?v=suqXW9ll2FA,True,,0:01:23
Jerma Streams - Feed and Grow: Fish,https://www.youtube.com/watch?v=rVc--7rhK5Q,True,,0:01:45
Jerma Streams - Disney Infinity 3.0,https://www.youtube.com/watch?v=rN3C7H7Xz9Y,True,,0:00:09
Jerma Streams - Hamster Playground,https://www.youtube.com/watch?v=3NbgNTaKgS0,True,,0:00:37
Jerma Streams - 20 Minutes Till Dawn (Part 2),https://www.youtube.com/watch?v=0ryUHGBNU3M,True,,0:02:33
Jerma Streams - Turmoil,https://www.youtube.com/watch?v=0t0JSWg9zOY,True,,0:06:48
Jerma Streams - Steelrising,https://www.youtube.com/watch?v=4X5acKmaFUo,True,,0:04:41
Jerma Streams - SuchArt: Genius Artist Simulator,https://www.youtube.com/watch?v=E41rZH8weHo,True,,0:02:17
ERROR,https://www.youtube.com/watch?v=8fUWvAyEAzw,False,"ERROR: 
[download] Got error: <urlopen error [Errno -3] Temporary failure in name resolution>",0:00:12
Jerma Streams - Superliminal,https://www.youtube.com/watch?v=Vhi5LcL1GDk,True,,0:02:38
Jerma Streams - MythBusters: The Game - Crazy Experiments Simulator,https://www.youtube.com/watch?v=ACGObUNtt1c,True,,0:02:23
"Jerma Streams - Sorcery! (Part 5, 2nd Playthrough)",https://www.youtube.com/watch?v=bt8PSxgWgLw,True,,0:05:48
ERROR,https://www.youtube.com/watch?v=jnTgG0eIygc,False,"ERROR: 
[download] Got error: <urlopen error [Errno 101] Network is unreachable>",0:00:23
Jerma Streams - PAC-MAN WORLD Re-PAC,https://www.youtube.com/watch?v=PWzXEFWyN-U,True,,0:04:24
Jerma Streams - 20 Minutes Till Dawn,https://www.youtube.com/watch?v=2NwnrkMjocw,True,,0:02:07
Jerma Streams - The Baseball Stream Behind the Scenes,https://www.youtube.com/watch?v=w5lhJGTD2pw,True,,0:03:49
ERROR,https://www.youtube.com/watch?v=anxUQC7HuGc,False,"ERROR: 
[download] Got error: <urlopen error [Errno 101] Network is unreachable>",0:00:48
Jerma Streams - The Baseball Stream,https://www.youtube.com/watch?v=wae1lbb4njY,True,,0:05:21
ERROR,https://www.youtube.com/watch?v=XmG1QOWbb00,False,"ERROR: 
[download] Got error: <urlopen error [Errno 101] Network is unreachable>",0:00:35
Jerma Streams - Two Point Campus,https://www.youtube.com/watch?v=hxo1M0PAerw,True,,0:04:29
Jerma Streams - Cult of the Lamb,https://www.youtube.com/watch?v=pvG0gMVQTEQ,True,,0:02:35
Jerma Streams - The Mortuary Assistant,https://www.youtube.com/watch?v=XraCzR9gSz0,True,,0:03:08
Jerma Streams - Call of Duty: Black Ops II Tournament,https://www.youtube.com/watch?v=ooEi629SH6Q,True,,0:03:28
Jerma Streams - MultiVersus (Part 4),https://www.youtube.com/watch?v=C2ij17Qpdao,True,,0:04:50
Jerma Streams - SimCasino,https://www.youtube.com/watch?v=WiFaB08zUJI,True,,0:04:36
"Jerma Streams - Sorcery! (Part 4, 2nd Playthrough)",https://www.youtube.com/watch?v=hwWuh9IJDDw,True,,0:06:30
"Jerma Streams - Sorcery! (Part 3, 2nd Playthrough)",https://www.youtube.com/watch?v=kF_CeGg6_k0,True,,0:06:25
Jerma Streams - MultiVersus (Part 3),https://www.youtube.com/watch?v=jhcg7AKcCpA,True,,0:02:59
Jerma Streams - Hitman 3 (Part 4),https://www.youtube.com/watch?v=B1rKnQ0vrW4,True,,0:01:26
"Jerma Streams - Sorcery! (Part 2, 2nd Playthrough)",https://www.youtube.com/watch?v=svZtKkand78,True,,0:08:44
Jerma Streams - Sorcery! (2nd Playthrough),https://www.youtube.com/watch?v=PntzkdgelD8,True,,0:07:04
Jerma Streams - Tier Lists (Part 12) [Bug Edition],https://www.youtube.com/watch?v=V5QbbqdXLTk,True,,0:01:43
ERROR,https://www.youtube.com/watch?v=aD0LWTG45p8,False,"[0;31mERROR:[0m 
[download] Got error: <urlopen error [Errno 101] Network is unreachable>",0:00:28
Jerma Streams - Dorfromantik,https://www.youtube.com/watch?v=HpC82BR2gMs,True,,0:00:30
Jerma Streams - My Time at Portia,https://www.youtube.com/watch?v=4SWyCsVh7YY,True,,0:05:05
Jerma Streams - PowerWash Simulator (Part 2),https://www.youtube.com/watch?v=fNOH9CnqLdM,True,,0:04:43
Jerma Streams - Bakery Simulator,https://www.youtube.com/watch?v=qKorXn3Ipd4,True,,0:03:07
Jerma Streams - Browser Quizzes (Part 2),https://www.youtube.com/watch?v=AoMKK03Xksc,True,,0:02:43
Jerma Streams - Kyle is Famous: Complete Edition,https://www.youtube.com/watch?v=awuB5f5xb2o,True,,0:00:48
Jerma Streams -  Weird Cam Comb Stream,https://www.youtube.com/watch?v=JuX-Q4409So,True,,0:03:44
Jerma Streams - Cuphead: The Delicious Last Course,https://www.youtube.com/watch?v=Skm0eJWWfHM,True,,0:02:14
Jerma Streams - The Elder Scrolls III: Morrowind,https://www.youtube.com/watch?v=jesqDMb31Gc,True,,0:02:08
Jerma Streams - Five Nights at Freddy's,https://www.youtube.com/watch?v=6scF-PhZ1rA,True,,0:00:41
Jerma Streams - Green Screen Stream (Part 3),https://www.youtube.com/watch?v=R4MwVD8VxVc,True,,0:05:17
Jerma Streams - 100k Smite Tournament,https://www.youtube.com/watch?v=DHv2tZH0kMw,True,,0:07:03
Jerma Streams - Saints Row: The Third,https://www.youtube.com/watch?v=8SD3GrwgxGI,True,,0:05:37
Jerma Streams - Dread X Collection (Part 2),https://www.youtube.com/watch?v=Oyay0iuFw7E,True,,0:00:41
Jerma Streams - Steam Next Fest Demos (Part 2),https://www.youtube.com/watch?v=PfMZ9oepYs8,True,,0:05:16
Jerma Streams - Dread X Collection,https://www.youtube.com/watch?v=ba_VpAc2dq0,True,,0:00:41
Jerma Streams - Steam Next Fest Demos,https://www.youtube.com/watch?v=96fkPgAjHr0,True,,0:04:43
Jerma Streams - One Hand Clapping,https://www.youtube.com/watch?v=snLgRiVzucQ,True,,0:00:36
Jerma Streams - No Time,https://www.youtube.com/watch?v=b6RKLYnyO8g,True,,0:02:56
Jerma Streams - Wheel of Fortune (Part 2),https://www.youtube.com/watch?v=AphkXRqSpaw,True,,0:02:52
Jerma Streams - Unpacking,https://www.youtube.com/watch?v=XqFxIBJedUs,True,,0:02:21
Jerma Streams - Freddi Fish 1 & 2,https://www.youtube.com/watch?v=-VLRp4mJdrQ,True,,0:03:38
ERROR,https://www.youtube.com/watch?v=n2eMhVFXjNA,False,"[0;31mERROR:[0m 
[download] Got error: <urlopen error [Errno 101] Network is unreachable>",0:00:41
ERROR,https://www.youtube.com/watch?v=nFnSBoFeIsc,False,"[0;31mERROR:[0m 
[download] Got error: <urlopen error [Errno 101] Network is unreachable>",0:00:29
Jerma Streams - MultiVersus,https://www.youtube.com/watch?v=kJIRlNsWBhg,True,,0:01:36
Jerma Streams - Hatsune Miku Project DIVA Mega Mix,https://www.youtube.com/watch?v=GMD77qsvE_I,True,,0:01:11
Jerma Streams - Pac-Man Museum +,https://www.youtube.com/watch?v=LsyBv5nrlaw,True,,0:01:10
Jerma Streams - House Flipper (Part 10),https://www.youtube.com/watch?v=KeUbYPTy4pc,True,,0:05:19
"Archive Update Video - Official Partnership, Channel Improvements, and ChatReplay",https://www.youtube.com/watch?v=_EkDz-nxezc,True,,0:00:52
ERROR,https://www.youtube.com/watch?v=y4NbRcjcsJs,False,"[0;31mERROR:[0m 
[download] Got error: <urlopen error [Errno 101] Network is unreachable>",0:00:23
Jerma Streams - Murder House,https://www.youtube.com/watch?v=ii3lJoNb62Y,True,,0:02:54
Jerma Streams - Bloodwash,https://www.youtube.com/watch?v=ujx0vHeTk3g,True,,0:03:20
Jerma Streams - Webbed,https://www.youtube.com/watch?v=MsbE-y5WPGQ,True,,0:04:02
Jerma Streams - BeamNG.drive,https://www.youtube.com/watch?v=80gNs37M_3A,True,,0:04:11
ERROR,https://www.youtube.com/watch?v=RBSBKDf70_Q,False,"[0;31mERROR:[0m 
[download] Got error: <urlopen error [Errno 101] Network is unreachable>",0:00:33
Jerma Streams - Later Alligator,https://www.youtube.com/watch?v=uJaMte54V8c,True,,0:05:32
Jerma Streams - Tier Lists (Part 10),https://www.youtube.com/watch?v=iDtKZkdzha8,True,,0:02:00
Jerma Streams - Dinosaur Fossil Hunter,https://www.youtube.com/watch?v=q8-dNrV3Kdw,True,,0:03:03
Jerma Streams - The House of the Dead: Remake,https://www.youtube.com/watch?v=BYIH8TMDBxI,True,,0:00:39
Jerma Streams - Watching Infomercials (Part 2),https://www.youtube.com/watch?v=g3lduu61X-U,True,,0:07:35
Jerma Streams - The Stanley Parable: Ultra Deluxe,https://www.youtube.com/watch?v=4ZmiQIZbFaE,True,,0:07:14
Jerma Streams - Watching Infomercials,https://www.youtube.com/watch?v=ixn3zi_H9os,True,,0:06:49
Jerma Streams - The Serpent Rogue,https://www.youtube.com/watch?v=GSMuv8HnvEw,True,,0:04:08
ERROR,https://www.youtube.com/watch?v=ho7JT-2iyjc,False,"[0;31mERROR:[0m 
[download] Got error: The read operation timed out",0:00:22
Jerma Streams - The Closing Shift,https://www.youtube.com/watch?v=o0z0SQEaVzU,True,,0:01:57
Jerma Streams - Vampire Survivors (Part 2),https://www.youtube.com/watch?v=rhr1TAJlmB0,True,,0:01:22
Jerma Streams - Inscryption,https://www.youtube.com/watch?v=9PDBJz2gQVE,True,,0:05:16
Jerma Streams - Glover,https://www.youtube.com/watch?v=x4Db5Imjo8k,True,,0:00:30
Jerma Streams - Iron Lung,https://www.youtube.com/watch?v=s-Cn1kDUyAo,True,,0:02:12
Jerma Streams - Blood,https://www.youtube.com/watch?v=dFMDVdp1zNM,True,,0:01:55
Jerma Streams - Vampire Survivors,https://www.youtube.com/watch?v=8hv1w5sVTLc,True,,0:03:08
Jerma Streams - Mon Bazou,https://www.youtube.com/watch?v=kAQuSmGLNfg,True,,0:06:52
Jerma Streams - Wobbledogs,https://www.youtube.com/watch?v=IiYAdJIcVus,True,,0:06:37
Jerma Streams -  MS-DOS Games (Part 8),https://www.youtube.com/watch?v=GkbPH8DwfOg,True,,0:06:33
"Jerma Streams - RISK: Global Domination [With Ludwig, Cr1TiKaL , and Connor]",https://www.youtube.com/watch?v=TdIAZqkb81g,True,,0:06:09
Jerma Streams - Wrestling Empire (Part 3),https://www.youtube.com/watch?v=89BNlJlGh8k,True,,0:05:37
"Jerma Streams - Midnight Ghost Hunt [With Vinny, Ross, Criken, Jolly, Liam, Zamsire, Shesez",https://www.youtube.com/watch?v=gUn1uPr_WmA,True,,0:03:23
ERROR,https://www.youtube.com/watch?v=TXyIa_5tPxU,False,"[0;31mERROR:[0m 
[download] Got error: <urlopen error [Errno 101] Network is unreachable>",0:01:03
Jerma Streams - Fortnite,https://www.youtube.com/watch?v=vWZIuguur-0,True,,0:04:09
Jerma Streams - Tier Lists (Part 9) [FromSoftware Edition],https://www.youtube.com/watch?v=YAqV7rvWD3E,True,,0:05:38
Jerma Streams - Elden Ring (Part 14 Finale),https://www.youtube.com/watch?v=D9zweNKMfWg,True,,0:06:36
Jerma Streams - Bro Vs Bro [with Ludwig],https://www.youtube.com/watch?v=t9HBRf_qWZg,True,,0:05:46
Jerma Streams - Elden Ring (Part 13),https://www.youtube.com/watch?v=i8PLjhIFVlQ,True,,0:05:14
ERROR,https://www.youtube.com/watch?v=k8ll4TuekWo,False,"[0;31mERROR:[0m 
[download] Got error: <urlopen error [Errno 101] Network is unreachable>",0:00:21
Jerma Streams - Elden Ring (Part 12),https://www.youtube.com/watch?v=HB8wVsH5Bmg,True,,0:07:08
Jerma Streams - Elden Ring (Part 11),https://www.youtube.com/watch?v=uFTZaB0J_Qo,True,,0:05:44
Jerma Streams - Elden Ring (Part 10),https://www.youtube.com/watch?v=ht5Wp8FfeXc,True,,0:04:34
Jerma Streams - Elden Ring (Part 9),https://www.youtube.com/watch?v=9tdpx5yp8u4,True,,0:06:55
ERROR,https://www.youtube.com/watch?v=Jd06zyrUzNY,False,"[0;31mERROR:[0m 
[download] Got error: The read operation timed out",0:00:22
Jerma Streams - Big Brain Academy: Brain vs. Brain,https://www.youtube.com/watch?v=mWGTY_HINWo,True,,0:01:19
Jerma Streams - Elden Ring (Part 8),https://www.youtube.com/watch?v=m5BinDuvm5o,True,,0:04:06
Jerma Streams - Picross S,https://www.youtube.com/watch?v=qX8F8gxWfK0,True,,0:01:22
Jerma Streams - Mario Golf: Super Rush,https://www.youtube.com/watch?v=eKkWY4LdYXc,True,,0:02:52
ERROR,https://www.youtube.com/watch?v=4vVyQu_5YJA,False,"[0;31mERROR:[0m 
[download] Got error: <urlopen error [Errno 101] Network is unreachable>",0:01:20
Jerma Streams - Elden Ring (Part 6),https://www.youtube.com/watch?v=Ely0RCuR7As,True,,0:06:43
Jerma Streams - Elden Ring (Part 5),https://www.youtube.com/watch?v=SG6QYVwqsLA,True,,0:06:31
Jerma Streams - Elden Ring (Part 4),https://www.youtube.com/watch?v=tnEiYoM9VhU,True,,0:06:12
Jerma Streams - Elden Ring (Part 3),https://www.youtube.com/watch?v=HmETJzrYUug,True,,0:07:25
Jerma Streams - Elden Ring (Part 2),https://www.youtube.com/watch?v=WzAjZQr5D5E,True,,0:07:25
Jerma Streams - Elden Ring,https://www.youtube.com/watch?v=Y3JQEL1TXKM,True,,0:09:07
Jerma Streams - AI Dungeon (Part 5) and NovelAI,https://www.youtube.com/watch?v=Utcz_xykQcY,True,,0:02:39
ERROR,https://www.youtube.com/watch?v=Y8A2PHv23B0,False,"[0;31mERROR:[0m 
[download] Got error: <urlopen error [Errno 101] Network is unreachable>",0:00:30
Jerma Streams - GeoGuessr (Part 4) [with Ster],https://www.youtube.com/watch?v=1tlNdZ00r9w,True,,0:04:02
ERROR,https://www.youtube.com/watch?v=11D-qi12hf8,False,"[0;31mERROR:[0m 
[download] Got error: <urlopen error [Errno 101] Network is unreachable>",0:00:28
ERROR,https://www.youtube.com/watch?v=miPW-eQRQUA,False,"[0;31mERROR:[0m 
[download] Got error: <urlopen error [Errno 101] Network is unreachable>",0:00:37
Jerma Streams - VR Games (Part 15),https://www.youtube.com/watch?v=qU49e41XDZU,True,,0:06:21
ERROR,https://www.youtube.com/watch?v=TxP3d-cJDCo,False,"[0;31mERROR:[0m 
[download] Got error: <urlopen error [Errno 101] Network is unreachable>",0:00:23
Jerma Streams - Who Will Replace ME?,https://www.youtube.com/watch?v=Qr7d3ZRk7sA,True,,0:06:39
ERROR,https://www.youtube.com/watch?v=AEUa0Nu07eg,False,"[0;31mERROR:[0m 
[download] Got error: <urlopen error [Errno 101] Network is unreachable>",0:00:42
Jerma Streams - Hitman 3 VR,https://www.youtube.com/watch?v=BZD3y7jiiBA,True,,0:03:34
Jerma Streams - Everhood,https://www.youtube.com/watch?v=aJ1mGiytoqA,True,,0:14:11
Jerma Streams - Internet Cafe Simulator 2,https://www.youtube.com/watch?v=XbTPqTlNLJI,True,,0:06:22
Jerma Streams - Thief Gold,https://www.youtube.com/watch?v=9P0BC8Fg6vg,True,,0:06:01
Jerma Streams - Thrillville: Off the Rails,https://www.youtube.com/watch?v=WsqDBFE4r0g,True,,0:06:46
Jerma Streams - Stream Awards 2021 and WWE 2K20,https://www.youtube.com/watch?v=6MEYUy91Y90,True,,0:07:54
Jerma Streams - The Coin Game (Part 4),https://www.youtube.com/watch?v=pAHthHH5lfw,True,,0:01:30
ERROR,https://www.youtube.com/watch?v=uIqzgzQqUzU,False,"[0;31mERROR:[0m 
[download] Got error: <urlopen error [Errno 101] Network is unreachable>",0:00:27
Jerma Streams - Itch.io Games and Everhood (Part 0),https://www.youtube.com/watch?v=UCNb0QDCafw,True,,0:04:56
Jerma Streams - House Flipper (Part 9),https://www.youtube.com/watch?v=TF2enQTTSxw,True,,0:05:17
"Jerma Streams - You Laugh, You Lose and Baby Sensory Videos",https://www.youtube.com/watch?v=BqF2PiPvQHc,True,,0:02:58
Jerma Streams - Monster Rancher 2 DX (Part 3),https://www.youtube.com/watch?v=OWn7mcx64V0,True,,0:06:09
Jerma Streams - Monster Rancher 2 DX (Part 2),https://www.youtube.com/watch?v=YFfXwNBFVlM,True,,0:02:49
Jerma Streams - The Game Awards 2021,https://www.youtube.com/watch?v=nCBYaP5v7E4,True,,0:04:48
Jerma Streams - Monster Rancher 2 DX,https://www.youtube.com/watch?v=6-jDkg13wN8,True,,0:06:36
Jerma Streams - Resident Evil 6 [with Etalyx],https://www.youtube.com/watch?v=_Tv7UCbwxp8,True,,0:08:51
Jerma Streams - Saints Row 2 (Part 2),https://www.youtube.com/watch?v=M54mIQgAfes,True,,0:05:36
Jerma Streams - Saints Row 2,https://www.youtube.com/watch?v=AcRQZegbVYk,True,,0:06:40
Jerma Streams - Watching Old Streams and Videos (Part 5),https://www.youtube.com/watch?v=47UM7nA9uNk,True,,0:06:59
Jerma Streams - Coming Home,https://www.youtube.com/watch?v=K4aEZ-pcLow,False,[Errno 2] No such file or directory: 'JermAudio/Jerma_Streams_-_FMV_Games_Part_5.m4a',0:14:56
Jerma Streams - Super Auto Pets,https://www.youtube.com/watch?v=crKmFUi05uk,True,,0:05:55,0:05:57,3090
Jerma Streams - Red Dead Redemption 2,https://www.youtube.com/watch?v=5oqL3IakWpA,True,,0:06:30,0:06:32,1080
Jerma Streams - iPhone Update Stream,https://www.youtube.com/watch?v=h7wMV33NpjA,True,,0:01:36,0:01:40,1080
Jerma Streams - FMV Games (Part 5),https://www.youtube.com/watch?v=HWfgwE3Q5wQ,True,,0:05:46,0:05:59,3090
Jerma Streams - Tier Lists (Part 8) and Browser Quizzes,https://www.youtube.com/watch?v=mRuhSQDemzc,True,,0:07:04,0:07:14,3090
Jerma Streams - Gas Station Simulator,https://www.youtube.com/watch?v=t9i0vU6SFbI,True,,0:06:18,0:06:38,3090
Jerma Streams - Public Domain Movie Night (Part 2) [Halloween Special],https://www.youtube.com/watch?v=udU5nxOf9nA,True,,0:02:21,0:02:22,3090
Jerma Streams - Darkest Dungeon II,https://www.youtube.com/watch?v=ekC3YY9IhM8,True,,0:06:46,0:07:05,3090
ERROR,https://www.youtube.com/watch?v=Gj0szIsTJm8,False,"[0;31mERROR:[0m 
[download] Got error: <urlopen error [Errno 101] Network is unreachable>",,0:00:33,1080
Jerma Streams - Lethal League Blaze [with Ster],https://www.youtube.com/watch?v=lUh0l8xluG8,True,,0:11:23,0:11:40,1080
Jerma Streams - Red Dead Redemption 2 (Part 3),https://www.youtube.com/watch?v=_qd6PbOHMkI,True,,0:09:52,0:09:57,1080
Jerma Streams - Red Dead Redemption 2 (Part 4),https://www.youtube.com/watch?v=OW-ZQzIFA0E,True,,0:14:19,0:14:21,1080
ERROR,https://www.youtube.com/watch?v=sfdC8Z3xOkU,False,"[0;31mERROR:[0m 
[download] Got error: <urlopen error [Errno 101] Network is unreachable>",,0:00:23,1080
ERROR,https://www.youtube.com/watch?v=g_ClrEwRmB8,False,"[0;31mERROR:[0m 
[download] Got error: <urlopen error [Errno 101] Network is unreachable>",,0:00:30,1080
Jerma Streams - L.A. Noire (Part 4),https://www.youtube.com/watch?v=kDtLVdyvNN0,True,,0:12:29,0:13:06,1080
Jerma Streams - Nintendo Labo (Part 4),https://www.youtube.com/watch?v=OSx3q3e1e_c,True,,0:25:33,0:26:17,1080
Jerma Streams - Thief Simulator,https://www.youtube.com/watch?v=yMBX9O0MvCo,True,,0:17:17,0:17:45,1080
Jerma Streams - Hitman 2,https://www.youtube.com/watch?v=OO9th3dUMuY,True,,0:14:00,0:14:30,1080
Jerma Streams - Hitman 2 (Part 2 Finale),https://www.youtube.com/watch?v=_ecufoTXhL8,True,,0:12:41,0:12:58,1080
Jerma Streams - The Green Screen Stream,https://www.youtube.com/watch?v=SRjOMS30ex0,True,,0:07:41,0:08:01,1080
Jerma Streams - Deltarune Chapter 1,https://www.youtube.com/watch?v=Os1zjiufASA,True,,0:17:36,0:18:07,1080
Jerma Streams - The Quiet Man (Part 2 Finale),https://www.youtube.com/watch?v=V4FSADno8_k,True,,0:06:26,0:06:41,1080
Jerma Streams - Hitman 2 (Part 3),https://www.youtube.com/watch?v=cK15lyjqSRA,True,,0:05:47,0:05:57,1080
Jerma Streams - The Quiet Man (Part 1),https://www.youtube.com/watch?v=hI55vg5Xdcs,True,,0:03:42,0:03:51,1080
Jerma Streams - WWE 2K19,https://www.youtube.com/watch?v=soyfbknvbFI,True,,0:12:57,0:13:16,1080
ERROR,https://www.youtube.com/watch?v=lKUod0RDI9Y,False,"[0;31mERROR:[0m 
[download] Got error: <urlopen error [Errno -3] Temporary failure in name resolution>",,0:00:22,1080
Jerma Streams - Red Dead Redemption 2 (Part 6),https://www.youtube.com/watch?v=BcSybiEmMUY,True,,0:07:23,0:07:47,1080
Jerma Streams - Red Dead Online (Part 1),https://www.youtube.com/watch?v=ain8-9bH_OY,True,,0:08:47,0:09:12,1080
Jerma Streams - Red Dead Redemption 2 (Part 7),https://www.youtube.com/watch?v=v4Dbww16mPs,True,,0:04:47,0:04:55,1080
Jerma Streams - Youtubers Life 2,https://www.youtube.com/watch?v=U3p1-jQAB-s,True,,0:04:56,0:04:58,3090
Jerma Streams - Jerma Fan Games,https://www.youtube.com/watch?v=-0yA0g0wPqM,True,,0:03:00,0:03:06,3090
ERROR,https://www.youtube.com/watch?v=31DBw-9cQMk,False,"[0;31mERROR:[0m 
[download] Got error: <urlopen error [Errno 101] Network is unreachable>",,0:00:34,3090
Jerma Streams - Far Cry 6 [with Etalyx],https://www.youtube.com/watch?v=VMjetrd0RX4,True,,0:08:33,0:08:53,3090
ERROR,https://www.youtube.com/watch?v=QQKg0XE-4aY,False,"[0;31mERROR:[0m 
[download] Got error: <urlopen error [Errno 101] Network is unreachable>",,0:00:24,3090
Jerma Streams - Deltarune Chapter 2 (Part 1),https://www.youtube.com/watch?v=1vsKD7SqiNc,True,,0:05:11,0:05:33,3090
ERROR,https://www.youtube.com/watch?v=2RXPNlUXKaQ,False,"[0;31mERROR:[0m 
[download] Got error: <urlopen error [Errno -3] Temporary failure in name resolution>",,0:00:17,3090
Jerma Streams - No Umbrellas Allowed,https://www.youtube.com/watch?v=wJje-RKAZw4,True,,0:06:55,0:07:24,3090
"Jerma Streams - Kuukiyomi 1, 2 and 3",https://www.youtube.com/watch?v=zeOjHeH4jNU,True,,0:02:54,0:03:06,3090
Jerma Streams - Animal Revolt Battle Simulator,https://www.youtube.com/watch?v=b71lZwCU4tU,True,,0:02:06,0:02:37,3090
Jerma Streams - Agent Roswell,https://www.youtube.com/watch?v=jUy6zW1jHc8,True,,0:00:58,0:01:06,3090
ERROR,https://www.youtube.com/watch?v=x6g004pIaS4,False,"[0;31mERROR:[0m 
[download] Got error: <urlopen error [Errno 101] Network is unreachable>",,0:00:27,3090
ERROR,https://www.youtube.com/watch?v=PHfeEfBktY8,False,"[0;31mERROR:[0m 
[download] Got error: <urlopen error [Errno 101] Network is unreachable>",,0:00:50,3090
ERROR,https://www.youtube.com/watch?v=8EnqXsfm8XU,False,"[0;31mERROR:[0m 
[download] Got error: <urlopen error [Errno 101] Network is unreachable>",,0:00:33,3090
ERROR,https://www.youtube.com/watch?v=CenhhSAeCp4,False,"[0;31mERROR:[0m 
[download] Got error: <urlopen error [Errno 101] Network is unreachable>",,0:00:24,3090
Jerma Streams - No More Heroes III,https://www.youtube.com/watch?v=TAWefg69hmM,True,,0:05:38,0:06:02,3090
ERROR,https://www.youtube.com/watch?v=WbQMwnOnHNU,False,"[0;31mERROR:[0m 
[download] Got error: <urlopen error [Errno 101] Network is unreachable>",,0:00:32,3090
Jerma Streams - The Dollhouse Stream Behind the Scenes,https://www.youtube.com/watch?v=eVlREIXLh_w,True,,0:06:01,0:06:06,3090
Jerma Streams - The Dollhouse Stream Day 3 (Overlay Enabled),https://www.youtube.com/watch?v=6yEZJRhR6xI,True,,0:05:52,0:06:00,3090
Jerma Streams - The Dollhouse Stream Day 2 (Overlay Enabled),https://www.youtube.com/watch?v=yU5yQ4vUnt4,True,,0:04:44,0:05:05,3090
Jerma Streams - The Dollhouse Stream Day 3,https://www.youtube.com/watch?v=cFrmX8AdBVo,True,,0:05:53,0:06:20,3090
Jerma Streams - The Dollhouse Stream Day 2,https://www.youtube.com/watch?v=Hxm6On-iONY,True,,0:04:42,0:05:06,3090
ERROR,https://www.youtube.com/watch?v=mMz6PWrvShU,False,"[0;31mERROR:[0m 
[download] Got error: <urlopen error [Errno 101] Network is unreachable>",,0:00:22,3090
Jerma Streams - The Dollhouse Stream Day 1,https://www.youtube.com/watch?v=wF0EkSuEFWo,True,,0:01:37,0:01:49,3090
Jerma Streams - Pre-Dollhouse Q&A Talking Stream,https://www.youtube.com/watch?v=49bhXnMeP4I,True,,0:01:18,0:01:24,3090
Jerma Streams - The Sims 3,https://www.youtube.com/watch?v=58LqgXsjkBQ,True,,0:05:24,0:05:47,3090
Jerma Streams - VR Games (Part 13),https://www.youtube.com/watch?v=73N6itZah3E,True,,0:02:40,0:02:57,3090
Jerma Streams - VR Games (Part 12),https://www.youtube.com/watch?v=IpQ829crYAI,True,,0:03:20,0:03:39,3090
Jerma Streams - VR Games (Part 11),https://www.youtube.com/watch?v=mnfN58sOAG0,True,,0:03:10,0:03:28,3090
ERROR,https://www.youtube.com/watch?v=gy3vCVDHnF4,False,"[0;31mERROR:[0m 
[download] Got error: The read operation timed out",,0:00:48,3090
Jerma Streams - Wrestling Empire,https://www.youtube.com/watch?v=6FjUwYjKLHM,True,,0:05:46,0:06:11,3090
Jerma Streams - King of Retail,https://www.youtube.com/watch?v=p5gDtE4zQAI,True,,0:02:20,0:02:31,3090
Jerma Streams - Olympic Games Tokyo 2020 - The Official Video Game,https://www.youtube.com/watch?v=DYP924L2S0A,True,,0:03:33,0:03:35,3090
Jerma Streams - Mario Kart 8 Deluxe Tournament,https://www.youtube.com/watch?v=o9SNTUsF7Js,True,,0:02:33,0:02:41,3090
ERROR,https://www.youtube.com/watch?v=VIGzpMGGVL0,False,"[0;31mERROR:[0m 
[download] Got error: <urlopen error [Errno 101] Network is unreachable>",,0:00:38,3090
Jerma Streams - Microsoft & Bethesda Conference E3 2021 [with Ster],https://www.youtube.com/watch?v=tLZ47u0DDco,True,,0:02:20,0:02:29,3090
Jerma Streams - Square Enix Conference E3 2021[with Ster],https://www.youtube.com/watch?v=T0Jx9riiWSU,True,,0:02:37,0:02:43,3090
Jerma Streams - PowerWash Simulator,https://www.youtube.com/watch?v=SyvKgzIm-1c,True,,0:06:41,0:07:06,3090
Jerma Streams - Bugleberry's Cauldron/Hot Tub,https://www.youtube.com/watch?v=JFqqi4vrMwU,True,,0:01:17,0:01:23,3090
Jerma Streams - Fable II (Part 2),https://www.youtube.com/watch?v=OizHcQ19ciw,True,,0:05:22,0:05:46,3090
Jerma Streams - Fable II,https://www.youtube.com/watch?v=y369A6HsoUY,True,,0:06:37,0:07:00,3090
Jerma Streams - Resident Evil Village (Part 2 Finale),https://www.youtube.com/watch?v=Se202RS3SAc,True,,0:05:20,0:05:45,3090
ERROR,https://www.youtube.com/watch?v=PRfdHL_UMBo,False,"[0;31mERROR:[0m 
[download] Got error: <urlopen error [Errno 101] Network is unreachable>",,0:00:33,3090
ERROR,https://www.youtube.com/watch?v=qg7JTQ0S5eU,False,"[0;31mERROR:[0m 
[download] Got error: <urlopen error [Errno 101] Network is unreachable>",,0:00:27,3090
Jerma Streams - Barn Finders (Part 1),https://www.youtube.com/watch?v=fX7l7lGUoh8,True,,0:03:00,0:03:38,3090
Jerma Streams - Pac-Man 99,https://www.youtube.com/watch?v=lpYKyolqEyg,True,,0:01:43,0:01:53,3090
Jerma Streams - New PokÃ©mon Snap,https://www.youtube.com/watch?v=UBa8SHLQHE4,True,,0:05:04,0:05:29,3090
ERROR,https://www.youtube.com/watch?v=VBiOK8dB9Og,False,"[0;31mERROR:[0m 
[download] Got error: <urlopen error [Errno 101] Network is unreachable>",,0:00:34,3090
Jerma Streams - The Sims (Part 2),https://www.youtube.com/watch?v=WE06cqI7JTc,True,,0:06:16,0:07:04,3090
ERROR,https://www.youtube.com/watch?v=_2InPFjgwJE,False,"[0;31mERROR:[0m 
[download] Got error: <urlopen error [Errno 101] Network is unreachable>",,0:00:33,3090
ERROR,https://www.youtube.com/watch?v=iV06aoTHiQ8,False,"[0;31mERROR:[0m 
[download] Got error: <urlopen error [Errno 101] Network is unreachable>",,0:00:25,3090
Jerma Streams - Pictopix (Part 4),https://www.youtube.com/watch?v=mC98wXBVHIg,True,,0:05:26,0:05:44,3090
Jerma Streams - The Archaeology Stream,https://www.youtube.com/watch?v=zcLNS3dG1vk,True,,0:02:44,0:02:53,3090
ERROR,https://www.youtube.com/watch?v=l3l2pC8kHk4,False,"[0;31mERROR:[0m 
[download] Got error: <urlopen error [Errno 101] Network is unreachable>",,0:00:27,3090
Jerma Streams - Fan Websites,https://www.youtube.com/watch?v=-Tv2zEOivbw,True,,0:01:00,0:01:04,3090
Jerma Streams - Kinect Games (Part 4),https://www.youtube.com/watch?v=veT_qwxuQIQ,True,,0:03:44,0:04:02,3090
Jerma Streams - Chocolatier: Decadence by Design (Part 2),https://www.youtube.com/watch?v=i2cwVfCVKQw,True,,0:07:07,0:07:33,3090
Jerma Streams - Chocolatier: Decadence by Design,https://www.youtube.com/watch?v=pRfMfaNjwVs,True,,0:03:14,0:03:28,3090
Jerma Streams - Slime Rancher (Part 3 Finale),https://www.youtube.com/watch?v=Dsr084ip71o,True,,0:05:40,0:06:05,3090
Jerma Streams - Nintendo Direct  2/17/2021,https://www.youtube.com/watch?v=DDg9TGHoPUU,True,,0:01:04,0:01:09,3090
Jerma Streams - Slime Rancher (Part 2),https://www.youtube.com/watch?v=etJNLfCW1cQ,True,,0:04:42,0:05:00,3090
Jerma Streams - Slime Rancher,https://www.youtube.com/watch?v=JNHL2FhwHNQ,True,,0:05:57,0:06:16,3090
Jerma Streams - Pikmin 2 (Part 3 Finale),https://www.youtube.com/watch?v=xUhHk4h9ivc,True,,0:04:11,0:04:28,3090
Jerma Streams - Pikmin 2 (Part 2),https://www.youtube.com/watch?v=xKxdnlPOtH4,True,,0:05:08,0:05:28,3090
ERROR,https://www.youtube.com/watch?v=PRGcgx3mwsw,False,"[0;31mERROR:[0m 
[download] Got error: <urlopen error [Errno 101] Network is unreachable>",,0:00:32,3090
Jerma Streams - The Coin Game (Part 3),https://www.youtube.com/watch?v=O6mLkiWF78Y,True,,0:04:43,0:04:58,3090
Jerma Streams - Spore (Part 2 Finale),https://www.youtube.com/watch?v=wnGLWfyqpzw,True,,0:05:11,0:05:32,3090
Jerma Streams - Spore (Part 1),https://www.youtube.com/watch?v=Sr5n6z4E3xE,True,,0:04:39,0:04:58,3090
Jerma Streams - Hitman 3 (Part 3 Finale),https://www.youtube.com/watch?v=azDfFoaFo-c,True,,0:03:37,0:03:49,3090
Jerma Streams - Hitman 3 (Part 2),https://www.youtube.com/watch?v=Jw4sq1gCQgY,True,,0:03:54,0:04:10,3090
Jerma Streams - SuchArt: Creative Space,https://www.youtube.com/watch?v=f6MeRTOEbFI,True,,0:04:45,0:05:06,3090
Jerma Streams - Hitman 3,https://www.youtube.com/watch?v=R9PYgecX-xs,True,,0:04:25,0:04:42,3090
Jerma Streams - Leaf Blower Revolution - Idle Game,https://www.youtube.com/watch?v=dZZZtb0AfXk,True,,0:04:29,0:04:49,3090
Jerma Streams - Star Wars Jedi Knight: Jedi Academy (Part 2 Finale),https://www.youtube.com/watch?v=G8Q8fHdjkl8,True,,0:03:52,0:04:33,3090
Jerma Streams - Star Wars Jedi Knight: Jedi Academy,https://www.youtube.com/watch?v=x8KoI6qa7Yk,True,,0:05:34,0:05:57,3090
Jerma Streams - Signal Simulator,https://www.youtube.com/watch?v=s_PHGbYxQQo,True,,0:05:03,0:05:23,3090
ERROR,https://www.youtube.com/watch?v=_r4U50QYbxk,False,"[0;31mERROR:[0m 
[download] Got error: <urlopen error [Errno 101] Network is unreachable>",,0:00:33,3090
Jerma Streams - Family Computer System,https://www.youtube.com/watch?v=dB0u800ZQ5U,True,,0:05:32,0:06:13,3090
Jerma Streams - Stream Awards 2020 and WWE 2K20,https://www.youtube.com/watch?v=TMZ12lsMO8I,True,,0:05:59,0:06:41,3090
Jerma Streams - Quick Talking Stream,https://www.youtube.com/watch?v=H-QdAG8ts2g,True,,0:01:19,0:01:24,3090
Jerma Streams - F.E.A.R. 2: Project Origin,https://www.youtube.com/watch?v=70NqWygwqU0,True,,0:04:40,0:05:00,3090
Jerma Streams - The Black Masses,https://www.youtube.com/watch?v=keZOia1Onlg,True,,0:04:12,0:04:44,3090
Jerma Streams - Flash Games (Part 4),https://www.youtube.com/watch?v=krdUTJbqoFg,True,,0:03:52,0:04:23,3090
Jerma Streams - The Game Awards 2020,https://www.youtube.com/watch?v=o3E92IVvK3Y,True,,0:04:22,0:04:44,3090
Jerma Streams - Flash Games (Part 3),https://www.youtube.com/watch?v=5RL0ZY2xpZs,True,,0:07:28,0:07:47,3090
Jerma Streams - Yakuza 0 (Part 2),https://www.youtube.com/watch?v=a9uuyksatqE,True,,0:06:28,0:06:45,3090
ERROR,https://www.youtube.com/watch?v=hy6DDkbKDFg,False,"[0;31mERROR:[0m 
[download] Got error: <urlopen error [Errno 101] Network is unreachable>",,0:00:29,3090
Jerma Streams - Cooking Simulator (Part 3),https://www.youtube.com/watch?v=QIuS5aLu1_M,True,,0:05:55,0:06:14,3090
Jerma Streams - House Flipper (Part 8),https://www.youtube.com/watch?v=BQaSlD_UFRU,True,,0:04:08,0:04:24,3090
Jerma Streams - Scribblenauts Unlimited,https://www.youtube.com/watch?v=ZNqtvglRdcE,True,,0:04:47,0:05:22,3090
Jerma Streams - Hades (Part 2),https://www.youtube.com/watch?v=hUQnRjS9p1M,True,,0:06:17,0:06:55,3090
Jerma Streams - Hades,https://www.youtube.com/watch?v=5VOhGq7oJQg,True,,0:05:30,0:06:12,3090
Jerma Streams - Bugsnax (Part 2 Finale),https://www.youtube.com/watch?v=PhS60AjjLUc,True,,0:07:26,0:07:52,3090
Jerma Streams - Bugsnax,https://www.youtube.com/watch?v=lw8z_l4jSu0,True,,0:05:59,0:06:18,3090
Jerma Streams - The Daedalus Encounter,https://www.youtube.com/watch?v=mD0sbrEZsHQ,True,,0:05:38,0:05:59,3090
Jerma Streams - Lego Star Wars: The Complete Saga,https://www.youtube.com/watch?v=USwGGyfczR8,True,,0:04:22,0:05:03,3090
Jerma Streams - Noita,https://www.youtube.com/watch?v=YixWlAtvNhk,True,,0:06:48,0:07:19,3090
Jerma Streams - Teardown,https://www.youtube.com/watch?v=O-EYm--KgL4,True,,0:06:06,0:06:28,3090
Jerma Streams - VR Games (Part 10) [Halloween Special],https://www.youtube.com/watch?v=uAw6kKzvJpk,True,,0:03:48,0:04:04,3090
Jerma Streams - Little Hope [with Etalyx],https://www.youtube.com/watch?v=9Lhg473UBvU,True,,0:06:37,0:06:55,3090
Jerma Streams - Watch Dogs: Legion,https://www.youtube.com/watch?v=Xflxh789nyU,True,,0:04:32,0:04:47,3090
Jerma Streams - Tier Lists (Part 6),https://www.youtube.com/watch?v=1QqTz5hCw70,True,,0:01:22,0:01:28,3090
Jerma Streams - Otto Stream,https://www.youtube.com/watch?v=nCGPRiZ_VWQ,True,,0:00:54,0:00:59,3090
Jerma Streams - A Chair in a Room : Greenwater,https://www.youtube.com/watch?v=JXa91NY6_PI,True,,0:01:05,0:01:17,3090
ERROR,https://www.youtube.com/watch?v=J_LMEKLZnFM,False,"[0;31mERROR:[0m 
[download] Got error: <urlopen error [Errno 101] Network is unreachable>",,0:00:23,3090
Jerma Streams - Saw II: Flesh & Blood,https://www.youtube.com/watch?v=JdoBh-hkbkU,True,,0:04:45,0:05:06,3090
Jerma Streams - Online Tests,https://www.youtube.com/watch?v=s8KJ8DRLEg0,True,,0:04:14,0:04:28,3090
Jerma Streams - Hivemind and Chubby Bunny,https://www.youtube.com/watch?v=zLA-LJZAhLw,True,,0:01:44,0:01:52,3090
Jerma Streams - Streamer Life Simulator,https://www.youtube.com/watch?v=RV8xVt7ytlA,True,,0:06:28,0:07:13,3090
ERROR,https://www.youtube.com/watch?v=BFWhpckBZnA,False,"[0;31mERROR:[0m 
[download] Got error: <urlopen error [Errno 101] Network is unreachable>",,0:00:35,3090
Jerma Streams - Half-Life: Alyx (Part 3 Finale),https://www.youtube.com/watch?v=a3Cs7G7sGrk,True,,0:03:57,0:04:19,3090
Jerma Streams - Half-Life: Alyx (Part 2),https://www.youtube.com/watch?v=oyr7f80hD6A,True,,0:03:55,0:04:15,3090
Jerma Streams - VR Games (Part 9) and Blade and Sorcery (Part 3),https://www.youtube.com/watch?v=hNQm3uWGsT0,True,,0:03:36,0:03:55,3090
ERROR,https://www.youtube.com/watch?v=cLSKAGa1LZ0,False,"[0;31mERROR:[0m 
[download] Got error: <urlopen error [Errno 101] Network is unreachable>",,0:00:31,3090
Jerma Streams - VR Games (Part 8),https://www.youtube.com/watch?v=sAbWwkgOJCo,True,,0:03:03,0:03:18,3090
Jerma Streams - FTK Stream 2,https://www.youtube.com/watch?v=Swwu3hDYuaA,True,,0:04:42,0:05:15,3090
"Jerma Streams - Phasmophobia [with Vinny (Vinesauce), Ross (RubberRoss/Rubberninja) and Giwi]",https://www.youtube.com/watch?v=oUzcaTvfww0,True,,0:04:09,0:04:20,3090
Jerma Streams - Mafia: Definitive Edition,https://www.youtube.com/watch?v=H3MCMnaxGKE,True,,0:06:09,0:06:35,3090
Jerma Streams - Ratatouille,https://www.youtube.com/watch?v=w5Cxra_1PpQ,True,,0:03:03,0:03:15,3090
Jerma Streams - Saw: The Video Game (Part 2 Finale),https://www.youtube.com/watch?v=53f1YncLhp0,True,,0:02:34,0:02:46,3090
Jerma Streams - The Long Drive,https://www.youtube.com/watch?v=zLjnO98wewQ,True,,0:06:09,0:06:30,3090
Jerma Streams - Super Monkey Ball,https://www.youtube.com/watch?v=QwTDT65D7DU,True,,0:04:45,0:05:27,3090
Jerma Streams - 3DO Games (Part 3),https://www.youtube.com/watch?v=ZCVi3SYsp7w,True,,0:05:04,0:05:41,3090
Jerma Streams - 3DO Games (Part 2),https://www.youtube.com/watch?v=Jt6if7DahTU,True,,0:05:30,0:05:48,3090
Jerma Streams - 3DO Games,https://www.youtube.com/watch?v=U1e8PanpLRg,True,,0:04:47,0:05:08,3090
Jerma Streams - Green Screen Movie Night (Part 5) [DLC Edtion],https://www.youtube.com/watch?v=LSXuMqPd0ZY,True,,0:04:07,0:04:43,3090
ERROR,https://www.youtube.com/watch?v=AybMqp_y8RU,False,"[0;31mERROR:[0m 
[download] Got error: The read operation timed out",,0:00:23,3090
Jerma Streams - Derailed Q&A,https://www.youtube.com/watch?v=yZ97kxTA9sQ,True,,0:00:58,0:01:03,3090
Jerma Streams - Hardspace: Shipbreaker,https://www.youtube.com/watch?v=uvm29ovlCK0,True,,0:00:56,0:01:01,3090
Jerma Streams - Evolva,https://www.youtube.com/watch?v=_f76cZSl2bU,True,,0:02:14,0:02:32,3090
ERROR,https://www.youtube.com/watch?v=7d-wRC55XlI,False,"[0;31mERROR:[0m 
[download] Got error: <urlopen error [Errno 101] Network is unreachable>",,0:00:24,3090
Jerma Streams - Eternal Darkness: Sanity's Requiem,https://www.youtube.com/watch?v=z9L71J5GNRo,True,,0:04:17,0:04:37,3090
Jerma Streams - AI Dungeon (Part 4),https://www.youtube.com/watch?v=y-f-ev9UWJA,True,,0:05:00,0:05:38,3090
Jerma Streams - Desperados III,https://www.youtube.com/watch?v=Lpf90AATlKE,True,,0:06:22,0:06:54,3090
Jerma Streams - House Flipper (Part 7),https://www.youtube.com/watch?v=l9s6alzTthM,True,,0:04:49,0:05:08,3090
Jerma Streams - House Flipper (Part 6),https://www.youtube.com/watch?v=vS7ZoPJb_eY,True,,0:05:36,0:06:21,3090
Jerma Streams - Mercenaries 2: World in Flames,https://www.youtube.com/watch?v=Pttz01WtkqA,True,,0:05:00,0:05:29,3090
Jerma Streams - The Chronicles of Riddick: Escape from Butcher Bay (Part 2 Finale),https://www.youtube.com/watch?v=B0Zi6aOAJIY,True,,0:03:15,0:03:33,3090
Jerma Streams - Fall Guys (Part 2),https://www.youtube.com/watch?v=5L8j-WH1t4I,True,,0:01:19,0:01:26,3090
Jerma Streams - The Chronicles of Riddick: Escape from Butcher Bay (Part 1),https://www.youtube.com/watch?v=INwJxa_6ULw,True,,0:05:31,0:05:51,3090
Jerma Streams - Fall Guys,https://www.youtube.com/watch?v=rgJ5bdYsVkg,True,,0:02:25,0:02:47,3090
Jerma Streams - Trying to play Fall Guys,https://www.youtube.com/watch?v=L7-qd6XvN7g,True,,0:00:27,0:00:33,3090
Jerma Streams - Barn Finders (Part 0) and AI Dungeon (Part 3),https://www.youtube.com/watch?v=ZOdLbxMgGuE,True,,0:01:23,0:01:31,3090
Jerma Streams - London 2012 and Beijing 2008,https://www.youtube.com/watch?v=grVXvaY22bc,True,,0:04:16,0:04:52,3090
Jerma Streams - SpongeBob SquarePants: Battle for Bikini Bottom â€“ Rehydrated (Part 2 Finale),https://www.youtube.com/watch?v=sX5MJpQ3X1w,True,,0:04:35,0:04:54,3090
Jerma Streams - SpongeBob SquarePants: Battle for Bikini Bottom â€“ Rehydrated,https://www.youtube.com/watch?v=w0xATY5ybXY,True,,0:05:10,0:05:28,3090
Jerma Streams - God Hand,https://www.youtube.com/watch?v=gepfWm9lGqg,True,,0:04:31,0:04:54,3090
Jerma Streams - Community Content Night (Part 7),https://www.youtube.com/watch?v=mE2bUp1oLpI,True,,0:07:01,0:07:32,3090
Jerma Streams - The Green Screen Stream (Part 2),https://www.youtube.com/watch?v=Ykkyc-dc8Ok,True,,0:02:51,0:03:11,3090
Jerma Streams - Failed Green Screen Starts,https://www.youtube.com/watch?v=ihQJUN8gcvk,True,,0:00:08,0:00:11,3090
Jerma Streams - Easy Bake Oven Stream,https://www.youtube.com/watch?v=UJDyySqln3g,True,,0:02:59,0:03:11,3090
Jerma Streams - Saw: The Video Game,https://www.youtube.com/watch?v=xpEIzWu-Wmo,True,,0:06:54,0:07:17,3090
Jerma Streams - Vegas Stakes,https://www.youtube.com/watch?v=eJv5yaQHvfQ,True,,0:03:57,0:04:09,3090
Jerma Streams - Tiny Toon Adventures: Wacky Sports Challenge,https://www.youtube.com/watch?v=CX2STDwnT7Y,True,,0:01:13,0:01:20,3090
Jerma Streams - Resident Evil 3 Remake,https://www.youtube.com/watch?v=Hb8xlnYjRRk,True,,0:06:04,0:07:03,3090
Jerma Streams - No More Heroes 2: Desperate Struggle (Part 2 Finale),https://www.youtube.com/watch?v=e12tJDK-nIs,True,,0:05:01,0:05:23,3090
Jerma Streams - No More Heroes 2: Desperate Struggle,https://www.youtube.com/watch?v=L4HbN83M1UM,True,,0:05:44,0:06:23,3090
Jerma Streams - Patapon 2,https://www.youtube.com/watch?v=sZ9-xfeZzs8,True,,0:04:34,0:04:55,3090
ERROR,https://www.youtube.com/watch?v=kGbWfx6uZUM,False,"[0;31mERROR:[0m 
[download] Got error: <urlopen error [Errno 101] Network is unreachable>",,0:00:43,3090
Jerma Streams - Gotcha Force (Part 2),https://www.youtube.com/watch?v=9_47acIB3j0,True,,0:05:35,0:06:48,3090
ERROR,https://www.youtube.com/watch?v=NT6gFARTERs,False,"[0;31mERROR:[0m 
[download] Got error: <urlopen error [Errno 101] Network is unreachable>",,0:00:31,3090
ERROR,https://www.youtube.com/watch?v=LbVnbjP5wiM,False,"[0;31mERROR:[0m [youtube] LbVnbjP5wiM: Video unavailable. This video contains content from W4tch TV, who has blocked it in your country on copyright grounds",,0:00:21,3090
Jerma Streams - Community Content Night (Part 6),https://www.youtube.com/watch?v=chCZWfVHmGU,True,,0:05:04,0:05:19,3090
Jerma Streams - Community Content Night (Part 5),https://www.youtube.com/watch?v=sAQVUcUT9jM,True,,0:04:44,0:05:07,3090
Jerma Streams - Drug Dealer Simulator (Part 2),https://www.youtube.com/watch?v=RVf5c_F7OlU,True,,0:05:32,0:06:11,3090
Jerma Streams - Drug Dealer Simulator,https://www.youtube.com/watch?v=xDlGRtxcxm4,True,,0:06:36,0:06:57,3090
ERROR,https://www.youtube.com/watch?v=1V25rnVp2xM,False,"[0;31mERROR:[0m 
[download] Got error: <urlopen error [Errno 101] Network is unreachable>",,0:00:22,3090
Jerma Streams - The Incredible Hulk: Ultimate Destruction,https://www.youtube.com/watch?v=7e2JXPEl7DU,True,,0:06:39,0:07:01,3090
"Jerma Streams - Casino, Inc. (Part 2)",https://www.youtube.com/watch?v=nIYYzApeB3o,True,,0:05:15,0:05:33,3090
"Jerma Streams - Casino, Inc.",https://www.youtube.com/watch?v=D1fVbszZNwU,True,,0:06:20,0:07:06,3090
ERROR,https://www.youtube.com/watch?v=x8LrUzVkO_4,False,"[0;31mERROR:[0m 
[download] Got error: <urlopen error [Errno 101] Network is unreachable>",,0:01:17,3090
Jerma Streams - Deadly Creatures,https://www.youtube.com/watch?v=PzMleSt3C1A,True,,0:04:51,0:05:12,3090
Jerma Streams - Ikaruga,https://www.youtube.com/watch?v=A3X5LFwC-9g,True,,0:03:17,0:03:34,3090
Jerma Streams - Viva PiÃ±ata: Trouble in Paradise (Part 2),https://www.youtube.com/watch?v=Wo_Ldd9OFOo,True,,0:04:54,0:05:14,3090
Jerma Streams - Viva PiÃ±ata: Trouble in Paradise,https://www.youtube.com/watch?v=4OH86pDwbgg,True,,0:04:44,0:05:01,3090
Jerma Streams - Universal Studios Theme Parks Adventure,https://www.youtube.com/watch?v=_T_fq9E6PAg,True,,0:01:44,0:01:51,3090
"Jerma Streams - WarioWare, Inc.: Mega Party Game$!",https://www.youtube.com/watch?v=dvkFin0T3S8,True,,0:01:52,0:02:02,3090
Jerma Streams - Animal Crossing: New Horizons (Part 2),https://www.youtube.com/watch?v=SGbnxLpG70s,True,,0:04:21,0:04:33,3090
Jerma Streams - Animal Crossing: New Horizons,https://www.youtube.com/watch?v=E-NO5_76SVk,True,,0:03:19,0:03:41,3090
Jerma Streams - Cities: Skylines (Part 2),https://www.youtube.com/watch?v=ahpTCUcWZGg,True,,0:02:57,0:03:10,3090
Jerma Streams - Cities: Skylines,https://www.youtube.com/watch?v=jzd-R0h_mNM,True,,0:08:08,0:08:33,3090
Jerma Streams - The Binding of Isaac: Antibirth (Part 2),https://www.youtube.com/watch?v=pGP66tSWdvE,True,,0:05:34,0:06:00,3090
Jerma Streams - Odama,https://www.youtube.com/watch?v=iHzZSqOkQXU,True,,0:02:19,0:02:31,3090
Jerma Streams - PokÃ©mon Channel,https://www.youtube.com/watch?v=wEoyqW5gwHY,True,,0:02:51,0:03:19,3090
Jerma Streams - Monster Lab and Cabela's Big Game Hunter 2005 Adventures,https://www.youtube.com/watch?v=EPsK2kDcu2s,True,,0:01:36,0:01:45,3090
Jerma Streams - Elebits,https://www.youtube.com/watch?v=9gVP4bLNzEw,True,,0:02:38,0:03:01,3090
ERROR,https://www.youtube.com/watch?v=fT3TDD6Ypu0,False,"[0;31mERROR:[0m 
[download] Got error: <urlopen error [Errno 101] Network is unreachable>",,0:00:41,3090
Jerma Streams - Watching Old Streams and Videos (Part 4),https://www.youtube.com/watch?v=sHOVE3_6HbA,True,,0:05:33,0:05:48,3090
ERROR,https://www.youtube.com/watch?v=wDmE6w8BPes,False,"[0;31mERROR:[0m 
[download] Got error: <urlopen error [Errno 101] Network is unreachable>",,0:00:22,3090
Jerma Streams - The Incredible Hulk,https://www.youtube.com/watch?v=E_05y81eNTg,True,,0:02:04,0:02:12,3090
Jerma Streams - The Bachelor: The Videogame,https://www.youtube.com/watch?v=J6wMs8w2Z78,True,,0:01:40,0:01:48,3090
Jerma Streams - Super Mario Sunshine (Part 2),https://www.youtube.com/watch?v=-LiNMw0Rldk,True,,0:05:00,0:05:48,3090
Jerma Streams - Super Mario Sunshine,https://www.youtube.com/watch?v=P0sYTYQouMk,True,,0:06:38,0:07:32,3090
Jerma Streams - Tony Hawk's Underground,https://www.youtube.com/watch?v=x2sFkCtzK5M,True,,0:09:32,0:10:09,3090
Jerma Streams - Viva PiÃ±ata,https://www.youtube.com/watch?v=CNUCEwDjuCU,True,,0:03:30,0:03:46,3090
ERROR,https://www.youtube.com/watch?v=ir1FA1fmkl0,False,"[0;31mERROR:[0m 
[download] Got error: <urlopen error [Errno 101] Network is unreachable>",,0:00:27,3090
Jerma Streams - Chibi-Robo! (Part 2a),https://www.youtube.com/watch?v=SIWTRlXv8bU,True,,0:02:59,0:03:12,3090
Jerma Streams - Chibi-Robo! (Part 1),https://www.youtube.com/watch?v=u6O5b0EDvXc,True,,0:06:52,0:07:18,3090
Jerma Streams - Chibi-Robo! (Part 0),https://www.youtube.com/watch?v=wNwxYM72hlM,True,,0:01:26,0:01:32,3090
Jerma Streams - Cooking Mama: Cook Off,https://www.youtube.com/watch?v=PHnnBMmH0BE,True,,0:05:38,0:06:07,3090
Jerma Streams - Black & White 2 (Part 2),https://www.youtube.com/watch?v=yMs_-kG2ATo,True,,0:07:43,0:08:32,3090
Jerma Streams - Black & White 2,https://www.youtube.com/watch?v=uj2x1m6v4ds,True,,0:08:52,0:09:19,3090
Jerma Streams - Mega Man Legends (Part 3 Finale),https://www.youtube.com/watch?v=mf_fY8tYSG4,True,,0:02:58,0:03:19,3090
Jerma Streams - Mega Man Legends (Part 2),https://www.youtube.com/watch?v=Gt6LxQWikFw,True,,0:02:34,0:02:47,3090
Jerma Streams - Mega Man Legends,https://www.youtube.com/watch?v=q9BFLQs02vI,True,,0:07:18,0:08:27,3090
Jerma Streams - Universal Paperclips,https://www.youtube.com/watch?v=V2UwgPaczOQ,True,,0:04:27,0:04:46,3090
Jerma Streams - Speaking Simulator and ELDERBORN,https://www.youtube.com/watch?v=KRX5SUz5Pn0,True,,0:01:05,0:01:12,3090
Jerma Streams - Rain World,https://www.youtube.com/watch?v=-Iwjusjvmqk,True,,0:01:47,0:01:56,3090
Jerma Streams - AI Dungeon (Part 2) and Talk to Transformer (Part 4),https://www.youtube.com/watch?v=tcQkbD2zmx4,True,,0:02:30,0:02:42,3090
Jerma Streams - Hidden Folks,https://www.youtube.com/watch?v=GPnKfequQFU,True,,0:02:25,0:02:38,3090
Jerma Streams - Incredible Crisis,https://www.youtube.com/watch?v=lC4Tn_s181M,True,,0:02:29,0:02:39,3090
Jerma Streams - Bust a Groove,https://www.youtube.com/watch?v=rN58-UYORQs,True,,0:00:51,0:00:56,3090
Jerma Streams - The Lord of the Rings: The Return of the King,https://www.youtube.com/watch?v=mEt2v_YjawA,True,,0:06:57,0:07:25,3090
Jerma Streams - Diablo II (Part 3),https://www.youtube.com/watch?v=cJnCPlVeSu0,True,,0:05:43,0:06:05,3090
Jerma Streams - Outer Wilds (Part 2 Finale),https://www.youtube.com/watch?v=MUbMQHmtzRA,True,,0:08:23,0:08:59,3090
Jerma Streams - Outer Wilds,https://www.youtube.com/watch?v=s7w-Apb7oEY,True,,0:07:30,0:08:12,3090
ERROR,https://www.youtube.com/watch?v=6RJflgyIZOc,False,"[0;31mERROR:[0m 
[download] Got error: <urlopen error [Errno 101] Network is unreachable>",,0:00:34,3090
Jerma Streams - Frog Detective 1 and 2,https://www.youtube.com/watch?v=jEtB5lqhowE,True,,0:04:18,0:04:30,3090
Jerma Streams - Community Content Night (Part 4),https://www.youtube.com/watch?v=VU67vsWRzcE,True,,0:04:11,0:04:24,3090
ERROR,https://www.youtube.com/watch?v=CQXus4kgkFw,False,"[0;31mERROR:[0m 
[download] Got error: <urlopen error [Errno 101] Network is unreachable>",,0:00:32,3090
Jerma Streams - Diablo II (Part 2) and Tier Lists (Part 5),https://www.youtube.com/watch?v=gaPZGgo5QyA,True,,0:07:02,0:08:01,3090
Jerma Streams - Diablo II,https://www.youtube.com/watch?v=oyYbayvJsXo,True,,0:09:33,0:10:07,3090
Jerma Streams - Community Content Night (Part 3),https://www.youtube.com/watch?v=X4o0SZkQB0w,True,,0:05:09,0:05:26,3090
Jerma Streams - Rhythm Heaven Fever,https://www.youtube.com/watch?v=T7Wj41vl3fc,True,,0:05:33,0:05:59,3090
Jerma Streams - Kingsway,https://www.youtube.com/watch?v=L30F35bNy9w,True,,0:06:50,0:07:19,3090
Jerma Streams - The Lord of the Rings: The Two Towers,https://www.youtube.com/watch?v=fhlX-8QAkWM,True,,0:07:05,0:07:37,3090
Jerma Streams - The Lord of the Rings: The Fellowship of the Ring,https://www.youtube.com/watch?v=5oZVp_ncftI,True,,0:03:31,0:03:43,3090
Jerma Streams - Katana Zero,https://www.youtube.com/watch?v=UhBjDBpX9wY,True,,0:06:26,0:06:54,3090
ERROR,https://www.youtube.com/watch?v=42AnKgziH5Q,False,"[0;31mERROR:[0m 
[download] Got error: <urlopen error [Errno 101] Network is unreachable>",,0:00:36,3090
ERROR,https://www.youtube.com/watch?v=kH5dZxGXyxo,False,"[0;31mERROR:[0m 
[download] Got error: <urlopen error [Errno 101] Network is unreachable>",,0:01:29,3090
Jerma Streams - Keep Talking and Nobody Explodes [with Joel (Vargskelethor)],https://www.youtube.com/watch?v=6VLIxKtfDu4,True,,0:02:29,0:02:36,3090
Jerma Streams - Jump King (Part 4),https://www.youtube.com/watch?v=5W4qw2rD7QA,True,,0:01:21,0:01:28,3090
Jerma Streams - Wizorb,https://www.youtube.com/watch?v=frUAhv-lYCA,True,,0:02:34,0:02:44,3090
Jerma Streams - Flashing Lights,https://www.youtube.com/watch?v=Im9T8VA3aM4,True,,0:02:43,0:02:55,3090
Jerma Streams - Jump King (Part 3),https://www.youtube.com/watch?v=T5hOVWQzmac,True,,0:00:20,0:00:25,3090
Jerma Streams - Stream Awards 2019,https://www.youtube.com/watch?v=CNdpd2AtI4I,True,,0:05:38,0:05:56,3090
Jerma Streams - No More Heroes,https://www.youtube.com/watch?v=G4IQAaLt-eA,True,,0:05:52,0:06:22,3090
Jerma Streams - Nancy Drew: Sea of Darkness (Part 2 Finale),https://www.youtube.com/watch?v=e0-OqD4no1k,True,,0:03:39,0:03:55,3090
Jerma Streams - Nancy Drew: Secrets Can Kill,https://www.youtube.com/watch?v=2VzJkfzZaOU,True,,0:03:41,0:03:54,3090
Jerma Streams - The Coin Game (Part 2),https://www.youtube.com/watch?v=Kj7IQ6BQHFo,True,,0:05:56,0:06:22,3090
Jerma Streams - AI Dungeon,https://www.youtube.com/watch?v=B1KiBmYtrHc,True,,0:05:36,0:05:53,3090
Jerma Streams - Nancy Drew: Sea of Darkness,https://www.youtube.com/watch?v=W4VP98CPEl8,True,,0:07:58,0:08:31,3090
Jerma Streams - Jump King,https://www.youtube.com/watch?v=02pvrud71Pw,True,,0:07:55,0:08:33,3090
Jerma Streams - FTK Stream,https://www.youtube.com/watch?v=NFd05LvddOY,True,,0:02:37,0:02:46,3090
Jerma Streams - The Game Awards 2019 and FTK Stream Talk,https://www.youtube.com/watch?v=AMAQC10JrsA,True,,0:06:08,0:06:31,3090
Jerma Streams - Command & Conquer: Red Alert,https://www.youtube.com/watch?v=NygiYJjDsdY,True,,0:06:44,0:07:41,3090
Jerma Streams - MS-DOS Games (Part 7),https://www.youtube.com/watch?v=TxtSlQ5Zgdc,True,,0:05:57,0:06:50,3090
Jerma Streams - Unrailed! [with Ster and Etalyx],https://www.youtube.com/watch?v=t6wxULHwQcs,True,,0:04:19,0:04:29,3090
Jerma Streams - Tools Up! [with Ster and Etalyx],https://www.youtube.com/watch?v=tIC1ZjrGv4g,True,,0:03:24,0:03:34,3090
Jerma Streams - Nancy Drew: Midnight in Salem (Part A),https://www.youtube.com/watch?v=4QozpmLWOO4,True,,0:00:20,0:00:28,3090
ERROR,https://www.youtube.com/watch?v=6avqvG-SVT4,False,"ERROR: 
[download] Got error: <urlopen error [Errno 101] Network is unreachable>",,0:00:28,3090
Jerma Streams - Halo: Reach [with Joel (Vargskelethor)],https://www.youtube.com/watch?v=I7jb1dKT24Y,True,,0:02:57,0:03:06,3090
Jerma Streams - AMID EVIL (Part 2),https://www.youtube.com/watch?v=KaliSROVF-s,True,,0:04:34,0:05:32,3090
Jerma Streams - AMID EVIL,https://www.youtube.com/watch?v=ziYDwbNlzdk,True,,0:01:31,0:01:49,3090
Jerma Streams - Viscera Cleanup Detail (Part 4),https://www.youtube.com/watch?v=LI-tw4TSVdw,True,,0:03:01,0:03:25,3090
Jerma Streams - Hand Simulator,https://www.youtube.com/watch?v=8lxQ06lw4W4,True,,0:01:31,0:01:38,3090
ERROR,https://www.youtube.com/watch?v=OVqG1ZFv7pk,False,"ERROR: 
[download] Got error: <urlopen error [Errno 101] Network is unreachable>",,0:00:38,3090
ERROR,https://www.youtube.com/watch?v=7fs2NqxD1WU,False,"ERROR: 
[download] Got error: <urlopen error [Errno 101] Network is unreachable>",,0:00:23,3090
Jerma Streams - The Outer Worlds,https://www.youtube.com/watch?v=521xsL2kVSw,True,,0:05:16,0:05:57,3090
Jerma Streams - Dusk (Part 2 Finale),https://www.youtube.com/watch?v=uNbYDqMtiDY,True,,0:04:58,0:05:22,3090
ERROR,https://www.youtube.com/watch?v=fEQ8KL9QZ7w,False,"ERROR: 
[download] Got error: <urlopen error [Errno 101] Network is unreachable>",,0:00:22,3090
Jerma Streams - Sniper Ghost Warrior Contracts,https://www.youtube.com/watch?v=Pg4Fu55mrmk,True,,0:02:12,0:02:31,3090
ERROR,https://www.youtube.com/watch?v=dN_r_zOITI8,False,"ERROR: 
[download] Got error: <urlopen error [Errno 101] Network is unreachable>",,0:00:28,3090
ERROR,https://www.youtube.com/watch?v=8xMDr_uti3U,False,"ERROR: 
[download] Got error: <urlopen error [Errno 101] Network is unreachable>",,0:00:22,3090
Jerma Streams - Tier Lists (Part 4),https://www.youtube.com/watch?v=g3n062lSjkc,True,,0:02:46,0:02:57,3090
Jerma Streams - Beautiful Katamari (Part 2 Finale),https://www.youtube.com/watch?v=2a2Q27FQs5I,True,,0:03:31,0:03:46,3090
Jerma Streams - Beautiful Katamari,https://www.youtube.com/watch?v=9sYMo0L1Hes,True,,0:03:50,0:04:07,3090
Jerma Streams - Dead Rising 2: Off the Record (Part 3 Finale),https://www.youtube.com/watch?v=65FU4Xjt68U,True,,0:03:18,0:03:32,3090
Jerma Streams - Dead Rising 2: Off the Record (Part 2),https://www.youtube.com/watch?v=ZEe8p6vvtkg,True,,0:06:31,0:07:48,3090
ERROR,https://www.youtube.com/watch?v=Ezs107eNwc0,False,"ERROR: 
[download] Got error: <urlopen error [Errno 101] Network is unreachable>",,0:00:57,3090
Jerma Streams - Community Content Night (Part 2),https://www.youtube.com/watch?v=93-YZ6LZvt8,True,,0:07:03,0:07:24,3090
ERROR,https://www.youtube.com/watch?v=z5FG1nOHdNc,False,"ERROR: 
[download] Got error: <urlopen error [Errno 101] Network is unreachable>",,0:00:32,3090
Jerma Streams - Dead Rising,https://www.youtube.com/watch?v=nFa9tGquT_M,True,,0:06:29,0:06:54,3090
ERROR,https://www.youtube.com/watch?v=pyf4mOXpwmQ,False,"ERROR: 
[download] Got error: <urlopen error [Errno 101] Network is unreachable>",,0:00:34,3090
Jerma Streams - Halloween Stream 2019,https://www.youtube.com/watch?v=50lvtlUGnKs,True,,0:03:55,0:04:07,3090
Jerma Streams - The Jackbox Party Pack (Part 5) [with Ster and Ashley],https://www.youtube.com/watch?v=qiZSI31g2g4,True,,0:03:41,0:04:05,3090
Jerma Streams - Trine 4: The Nightmare Prince (Part 2) [with Ster and Ashley],https://www.youtube.com/watch?v=NKp9mQcWQ-w,True,,0:03:00,0:03:31,3090
Jerma Streams - Bushido Blade 1 and 2,https://www.youtube.com/watch?v=01ULNQyW2d0,True,,0:02:36,0:02:46,3090
Jerma Streams - Um Jammer Lammy (Part 2),https://www.youtube.com/watch?v=0vZ94ZItYrI,True,,0:02:01,0:02:07,3090
Jerma Streams - Siren,https://www.youtube.com/watch?v=1msR2hVrjpA,True,,0:01:55,0:02:10,3090
ERROR,https://www.youtube.com/watch?v=VDxIoy_m1m4,False,"ERROR: 
[download] Got error: <urlopen error [Errno 101] Network is unreachable>",,0:00:21,3090
Jerma Streams - The Thing (Part 2 Finale),https://www.youtube.com/watch?v=nZvYc2Cok-c,True,,0:04:55,0:05:14,3090
ERROR,https://www.youtube.com/watch?v=dN3W2ZNLCds,False,"ERROR: 
[download] Got error: <urlopen error [Errno 101] Network is unreachable>",,0:00:32,3090
Jerma Streams - Trine 4: The Nightmare Prince [with Ster and Ashley],https://www.youtube.com/watch?v=K77JxrIUUVk,True,,0:04:59,0:05:24,3090
Jerma Streams - Gitaroo Man,https://www.youtube.com/watch?v=ohRkVtdHU6g,True,,0:01:42,0:02:10,3090
Jerma Streams - Shadow of Rome,https://www.youtube.com/watch?v=CzQ0XFqottU,True,,0:00:44,0:00:51,3090
Jerma Streams - Um Jammer Lammy,https://www.youtube.com/watch?v=AN3T1yxXJuE,True,,0:02:30,0:02:40,3090
ERROR,https://www.youtube.com/watch?v=Kq4biRBVzns,False,"ERROR: 
[download] Got error: <urlopen error [Errno 101] Network is unreachable>",,0:00:38,3090
ERROR,https://www.youtube.com/watch?v=MKrrZt4NTOU,False,"ERROR: 
[download] Got error: <urlopen error [Errno 101] Network is unreachable>",,0:00:30,3090
ERROR,https://www.youtube.com/watch?v=gmztlHmciZQ,False,"ERROR: 
[download] Got error: <urlopen error [Errno 101] Network is unreachable>",,0:00:27,3090
Jerma Streams - Spooky's Jump Scare Mansion: HD Renovation,https://www.youtube.com/watch?v=ztbKnbCZxkY,True,,0:05:11,0:05:34,3090
ERROR,https://www.youtube.com/watch?v=YX6CUmifHdc,False,"ERROR: 
[download] Got error: <urlopen error [Errno 101] Network is unreachable>",,0:00:42,3090
ERROR,https://www.youtube.com/watch?v=6yzN-TW-L34,False,"ERROR: 
[download] Got error: <urlopen error [Errno 101] Network is unreachable>",,0:00:24,3090
Jerma Streams - Community Content Night,https://www.youtube.com/watch?v=BzzbcMu0e30,True,,0:05:18,0:05:51,3090
Jerma Streams - NGU and Hot Lava,https://www.youtube.com/watch?v=D-TKQtaUQaE,True,,0:07:16,0:07:41,3090
Jerma Streams - Hitman 2 (Part 5),https://www.youtube.com/watch?v=gNcdUQxaTrc,True,,0:05:44,0:06:07,3090
Jerma Streams - Hitman 2 (Part 4),https://www.youtube.com/watch?v=V8uGTC_s9gE,True,,0:03:00,0:03:15,3090
Jerma Streams - Untitled Goose Game,https://www.youtube.com/watch?v=FSM0Qvp7BWk,True,,0:05:52,0:06:15,3090
Jerma Streams - Post Carnival Talk,https://www.youtube.com/watch?v=FXS8-G0Vhjc,True,,0:01:25,0:01:55,3090
Jerma Streams - The Carnival Stream,https://www.youtube.com/watch?v=xSLK5mp4GV0,True,,0:06:24,0:07:05,3090
ERROR,https://www.youtube.com/watch?v=yMHwAr5WvI8,False,"ERROR: 
[download] Got error: <urlopen error [Errno 101] Network is unreachable>",,0:00:38,3090
Jerma Streams - Skribbl.io and Doodle Place,https://www.youtube.com/watch?v=zea5CVNad-k,True,,0:01:26,0:01:42,3090
"Jerma Streams - Cook, Serve, Delicious! (Part 2)",https://www.youtube.com/watch?v=tEVZTL88J_Y,True,,0:01:39,0:01:47,3090
"Jerma Streams - Cook, Serve, Delicious! 2",https://www.youtube.com/watch?v=HvvLsP-ij5o,True,,0:00:40,0:00:47,3090
Jerma Streams - FMV Games (Part 4),https://www.youtube.com/watch?v=t71X09DTdps,True,,0:04:42,0:05:35,3090
Jerma Streams - FMV Games (Part 3),https://www.youtube.com/watch?v=mXKohx7bstQ,True,,0:07:05,0:07:32,3090
ERROR,https://www.youtube.com/watch?v=I7fWfeHlrUQ,False,"ERROR: 
[download] Got error: <urlopen error [Errno 101] Network is unreachable>",,0:00:27,3090
Jerma Streams - Animated FMV Games,https://www.youtube.com/watch?v=XtWHBbZFajw,True,,0:02:58,0:03:12,3090
Jerma Streams - Family Feud 2012,https://www.youtube.com/watch?v=jg0wpK2ZP48,True,,0:03:12,0:03:25,3090
Jerma Streams - Terraria (Part 4 Finale) [with Ster],https://www.youtube.com/watch?v=V_cmNFDxb7A,True,,0:04:29,0:04:46,3090
ERROR,https://www.youtube.com/watch?v=U-29RjguK1w,False,"ERROR: 
[download] Got error: <urlopen error [Errno 101] Network is unreachable>",,0:00:32,3090
ERROR,https://www.youtube.com/watch?v=F5i91CkorBQ,False,"ERROR: 
[download] Got error: <urlopen error [Errno 101] Network is unreachable>",,0:00:31,3090
ERROR,https://www.youtube.com/watch?v=KCCCQresboY,False,"ERROR: 
[download] Got error: <urlopen error [Errno 101] Network is unreachable>",,0:00:32,3090
ERROR,https://www.youtube.com/watch?v=TWqgwThGfV0,False,"ERROR: 
[download] Got error: <urlopen error [Errno 101] Network is unreachable>",,0:00:27,3090
Jerma Streams - Kinect Games (Part 3),https://www.youtube.com/watch?v=WttvyvBmjSc,True,,0:04:45,0:05:05,3090
Jerma Streams - Talk to Transformer (Part 3),https://www.youtube.com/watch?v=tzxGmKCLXk4,True,,0:03:15,0:03:26,3090
Jerma Streams - Ancestors: The Humankind Odyssey,https://www.youtube.com/watch?v=8FH8BukHsZY,True,,0:04:47,0:05:29,3090
Jerma Streams - Kinect Games (Part 2),https://www.youtube.com/watch?v=ASnv178TNvM,True,,0:06:07,0:06:28,3090
Jerma Streams - Kinect Games,https://www.youtube.com/watch?v=rbMfkXWCqYg,True,,0:06:08,0:06:32,3090
Jerma Streams - Maximum Action,https://www.youtube.com/watch?v=xWOZRe0mwMQ,True,,0:01:09,0:01:17,3090
Jerma Streams - RollerCoaster Tycoon 2,https://www.youtube.com/watch?v=WtuljLI4COo,True,,0:03:35,0:04:11,3090
Jerma Streams - Fishing Planet,https://www.youtube.com/watch?v=jWFqOFsN4Qk,True,,0:05:01,0:05:20,3090
ERROR,https://www.youtube.com/watch?v=dQ1qtDAwdz8,False,"ERROR: 
[download] Got error: <urlopen error [Errno 101] Network is unreachable>",,0:00:27,3090
ERROR,https://www.youtube.com/watch?v=pV6c-Nz9hVo,False,"ERROR: 
[download] Got error: <urlopen error [Errno 101] Network is unreachable>",,0:00:22,3090
ERROR,https://www.youtube.com/watch?v=AtbgW5GIzg0,False,"ERROR: 
[download] Got error: <urlopen error [Errno 101] Network is unreachable>",,0:00:42,3090
Jerma Streams - Stuntman: Ignition,https://www.youtube.com/watch?v=PiTxLq4n3a8,True,,0:05:43,0:06:08,3090
Jerma Streams - Mario's Game Gallery (Part 2),https://www.youtube.com/watch?v=Cs89maJy_ts,True,,0:01:26,0:01:32,3090
Jerma Streams - MS-DOS Games (Part 6),https://www.youtube.com/watch?v=w0nJ98fNh34,True,,0:01:37,0:01:45,3090
Jerma Streams - Terraria (Part 3) [with Ster],https://www.youtube.com/watch?v=1XdqEYwV-l0,True,,0:06:19,0:06:48,3090
Jerma Streams - Majesty,https://www.youtube.com/watch?v=8XyZFYVckkw,True,,0:06:58,0:07:41,3090
ERROR,https://www.youtube.com/watch?v=a5PxzQO-UGs,False,"ERROR: 
[download] Got error: <urlopen error [Errno 101] Network is unreachable>",,0:00:32,3090
ERROR,https://www.youtube.com/watch?v=lhppHxAbvLE,False,"ERROR: 
[download] Got error: <urlopen error [Errno 101] Network is unreachable>",,0:00:21,3090
ERROR,https://www.youtube.com/watch?v=ztsQxjY3wZo,False,"ERROR: 
[download] Got error: <urlopen error [Errno 101] Network is unreachable>",,0:00:36,3090
Jerma Streams - Terraria [with Ster],https://www.youtube.com/watch?v=Zk30U4URglw,True,,0:07:23,0:07:44,3090
Jerma Streams - MS-DOS Games (Part 4),https://www.youtube.com/watch?v=i98aYTC70TI,True,,0:05:04,0:05:26,3090
Jerma Streams - Browser Games and Tier Lists (Part 3),https://www.youtube.com/watch?v=5O7SEAE_Suw,True,,0:06:07,0:06:34,3090
ERROR,https://www.youtube.com/watch?v=u3qWIb3Wu2Q,False,"ERROR: 
[download] Got error: <urlopen error [Errno 101] Network is unreachable>",,0:01:21,3090
Jerma Streams - Tier Lists (Part 2),https://www.youtube.com/watch?v=lKdvGWehGb0,True,,0:05:14,0:05:45,3090
Jerma Streams - Viscera Cleanup Detail (Part 3) [with Ster],https://www.youtube.com/watch?v=Nd_Po6x-iO8,True,,0:04:14,0:04:25,3090
Jerma Streams - Tier Lists,https://www.youtube.com/watch?v=xgmgpBzsmuI,True,,0:02:27,0:02:36,3090
Jerma Streams - Sam & Max: The Devil's Playhouse,https://www.youtube.com/watch?v=Yi3GqyW-RwI,True,,0:05:43,0:06:02,3090
ERROR,https://www.youtube.com/watch?v=KKZ7PocrSbw,False,"ERROR: 
[download] Got error: <urlopen error [Errno 101] Network is unreachable>",,0:00:36,3090
Jerma Streams - The Coin Game,https://www.youtube.com/watch?v=4dmuS4VHaR0,True,,0:08:15,0:09:27,3090
Jerma Streams - No More Heroes (Part 2 Finale),https://www.youtube.com/watch?v=gRzwEyjJBhI,True,,0:04:18,0:04:20,3090
Jerma Streams - Who Wants To Be A Millionaire?,https://www.youtube.com/watch?v=zHoJ1SaJx9c,True,,0:03:12,0:03:25,3090
Jerma Streams - Neon White,https://www.youtube.com/watch?v=AmNMtpjVSHA,True,,0:01:57,0:02:05,3090
